"Start Time","Duration","Run ID","Name","Source Type","Source Name","User","Status","batch_size","coin","feature_close","features","input_width","label_width","learning_rate","model_class","num_epochs","num_features","windows_normalization_length","final_mae","final_mae_per_step","final_rmse","final_rmse_per_step","train_loss","train_loss_last","val_loss","val_loss_last","project","Model","Coin","status"
"2025-09-18 09:05:18","3.7min","8ecd04eeb6c84c3c83a10654b23353e9","GRUStacked|in100-out6|bs64|lr0.0005|win15|feat2","LOCAL","btc_forecast/tunning_models_v3.py","user","FINISHED","64","BTCUSDT","","close,open","100","6","0.0005","GRUStacked","50","2","15","569.0919363636677","94.84865606061129","1176.7462597946333","196.12437663243887","0.0008876042287668663","0.0008876042287668663","0.0009762879884734643","0.0009762879884734643","crypto-forecast","","",""
"2025-09-18 13:13:32","3.3min","3a5d7adcf5f44a1cad06ad18cca86b59","GRUStacked|in200-out6|bs32|lr0.0005|win15|feat2","LOCAL","btc_forecast/tunning_models_v3.py","user","FINISHED","32","BTCUSDT","","close,open","200","6","0.0005","GRUStacked","50","2","15","572.4937815094052","95.41563025156752","1188.19394961369","198.03232493561498","0.0008949815877213197","0.0008949815877213197","0.0009894168606014364","0.0009894168606014364","crypto-forecast","","",""
"2025-09-18 08:23:32","3.3min","39a234c7008f4a00a4eb606572050db9","GRUStacked|in100-out6|bs32|lr0.0005|win15|feat2","LOCAL","btc_forecast/tunning_models_v3.py","user","FINISHED","32","BTCUSDT","","close,open","100","6","0.0005","GRUStacked","50","2","15","575.8585227839004","95.9764204639834","1192.258053333368","198.70967555556135","0.0008981766584960888","0.0008981766584960888","0.0009933860140785306","0.0009933860140785306","crypto-forecast","","",""
"2025-09-18 13:57:02","3.0min","e2cb201c704a4cc790ed757e53f1ac37","GRUStacked|in200-out6|bs64|lr0.0005|win15|feat2","LOCAL","btc_forecast/tunning_models_v3.py","user","FINISHED","64","BTCUSDT","","close,open","200","6","0.0005","GRUStacked","50","2","15","583.9251871956503","97.32086453260838","1197.2544577554747","199.54240962591246","0.0009022045789886481","0.0009022045789886481","0.0009965550424858873","0.0009965550424858873","crypto-forecast","","",""
"2025-09-18 08:44:59","3.0min","bd7a195201d84f289d9bc75dde4fe5e5","GRUStacked|in100-out6|bs64|lr0.001|win15|feat2","LOCAL","btc_forecast/tunning_models_v3.py","user","FINISHED","64","BTCUSDT","","close,open","100","6","0.001","GRUStacked","50","2","15","586.0297368019668","97.6716228003278","1187.492650883719","197.91544181395318","0.0008882320544216782","0.0008882320544216782","0.0010080856245622272","0.0010080856245622272","crypto-forecast","","",""
"2025-09-18 07:57:59","2.9min","005efbb4424842a5a71895b52f49a59b","GRUStacked|in100-out6|bs32|lr0.001|win15|feat2","LOCAL","btc_forecast/tunning_models_v3.py","user","FINISHED","32","BTCUSDT","","close,open","100","6","0.001","GRUStacked","50","2","15","587.3152612618237","97.88587687697061","1191.8134360597892","198.63557267663154","0.0008962308297288126","0.0008962308297288126","0.0010119368428790786","0.0010119368428790786","crypto-forecast","","",""
"2025-09-18 13:33:30","2.9min","b4c9c08680c845669d2fcb08855159d5","GRUStacked|in200-out6|bs64|lr0.001|win15|feat2","LOCAL","btc_forecast/tunning_models_v3.py","user","FINISHED","64","BTCUSDT","","close,open","200","6","0.001","GRUStacked","50","2","15","600.9625925279736","100.1604320879956","1223.3853795861723","203.89756326436205","0.0008971863326323629","0.0008971863326323629","0.0010122228885697906","0.0010122228885697906","crypto-forecast","","",""
"2025-09-18 12:52:09","2.3min","13625c989e7446f6adff4b1b1dc7ffa3","GRUStacked|in200-out6|bs32|lr0.001|win15|feat2","LOCAL","btc_forecast/tunning_models_v3.py","user","FINISHED","32","BTCUSDT","","close,open","200","6","0.001","GRUStacked","50","2","15","594.9466702507593","99.15777837512655","1207.2332689284121","201.20554482140201","0.0009074784440662123","0.0009074784440662123","0.0010159966930679903","0.0010159966930679903","crypto-forecast","","",""
"2025-09-18 08:00:52","7.1min","fd124c3dbfdb45c9a3c42460d399d5a8","TransformerTimeSeries|in100-out6|bs32|lr0.001|win15|feat2","LOCAL","btc_forecast/tunning_models_v3.py","user","FINISHED","32","BTCUSDT","","close,open","100","6","0.001","TransformerTimeSeries","50","2","15","608.0639989397888","101.34399982329813","1245.6857672908739","207.61429454847897","0.0009770825867777","0.0009770825867777","0.001039903643765453","0.001039903643765453","crypto-forecast","","",""
"2025-09-18 08:21:19","2.2min","04aff54461d0441db6d0af2c2231f96d","SimpleFC|in100-out6|bs32|lr0.0005|win15|feat2","LOCAL","btc_forecast/tunning_models_v3.py","user","FINISHED","32","BTCUSDT","","close,open","100","6","0.0005","SimpleFC","50","2","15","609.1066869678554","101.51778116130923","1244.8224756349239","207.47041260582066","0.0009635717585518067","0.0009635717585518067","0.001055828311953256","0.001055828311953256","crypto-forecast","","",""
"2025-09-18 09:00:11","2.2min","11a55a39a081476ea72ffb3bec3c75a7","ConvFC|in100-out6|bs64|lr0.0005|win15|feat2","LOCAL","btc_forecast/tunning_models_v3.py","user","FINISHED","64","BTCUSDT","","close,open","100","6","0.0005","ConvFC","50","2","15","637.3197619099146","106.21996031831911","1243.405251950577","207.23420865842948","0.0009563927762980083","0.0009563927762980083","0.0010668862748319113","0.0010668862748319113","crypto-forecast","","",""
"2025-09-18 07:53:11","2.4min","3d5b955e8c2e4cfc9df8fcaaf5a7f106","ConvFC|in100-out6|bs32|lr0.001|win15|feat2","LOCAL","btc_forecast/tunning_models_v3.py","user","FINISHED","32","BTCUSDT","","close,open","100","6","0.001","ConvFC","50","2","15","617.3623530263126","102.89372550438543","1245.0455684808098","207.50759474680163","0.0009460605982001501","0.0009460605982001501","0.0010696764806066696","0.0010696764806066696","crypto-forecast","","",""
"2025-09-18 07:55:34","2.4min","e7d0cdfa2a44470d9cc63db2cca9b2a3","SimpleFC|in100-out6|bs32|lr0.001|win15|feat2","LOCAL","btc_forecast/tunning_models_v3.py","user","FINISHED","32","BTCUSDT","","close,open","100","6","0.001","SimpleFC","50","2","15","619.3520042300198","103.22533403833664","1245.7254813068503","207.6209135511417","0.0009840689827673667","0.0009840689827673667","0.0010806851001338561","0.0010806851001338561","crypto-forecast","","",""
"2025-09-18 08:41:36","1.9min","f60b4c7e7a7441a8bb70e5668190635f","ConvFC|in100-out6|bs64|lr0.001|win15|feat2","LOCAL","btc_forecast/tunning_models_v3.py","user","FINISHED","64","BTCUSDT","","close,open","100","6","0.001","ConvFC","50","2","15","651.8133669722514","108.6355611620419","1305.2670013232662","217.54450022054436","0.0009538341476166792","0.0009538341476166792","0.0010810504609253258","0.0010810504609253258","crypto-forecast","","",""
"2025-09-18 13:09:41","2.0min","a55fe25aec8345ac843a819d84bd28dc","ConvFC|in200-out6|bs32|lr0.0005|win15|feat2","LOCAL","btc_forecast/tunning_models_v3.py","user","FINISHED","32","BTCUSDT","","close,open","200","6","0.0005","ConvFC","50","2","15","624.0494957419621","104.00824929032702","1248.627761694588","208.104626949098","0.0009607794856323774","0.0009607794856323774","0.0010816561915310396","0.0010816561915310396","crypto-forecast","","",""
"2025-09-18 08:18:16","3.0min","d3b55e38795044bf9cc7ce9c1ca5ea5b","ConvFC|in100-out6|bs32|lr0.0005|win15|feat2","LOCAL","btc_forecast/tunning_models_v3.py","user","FINISHED","32","BTCUSDT","","close,open","100","6","0.0005","ConvFC","50","2","15","650.5601837766999","108.42669729611664","1324.3602336817357","220.7267056136226","0.0009170314581131828","0.0009170314581131828","0.0010846003017273272","0.0010846003017273272","crypto-forecast","","",""
"2025-09-18 12:54:30","4.5min","f03ca53b45da4076b8559daa903d8447","TransformerTimeSeries|in200-out6|bs32|lr0.001|win15|feat2","LOCAL","btc_forecast/tunning_models_v3.py","user","FINISHED","32","BTCUSDT","","close,open","200","6","0.001","TransformerTimeSeries","50","2","15","669.558790173225","111.59313169553751","1254.6488039688934","209.10813399481557","0.001006835604638991","0.001006835604638991","0.0010919491093204392","0.0010919491093204392","crypto-forecast","","",""
"2025-09-18 08:47:59","3.2min","1b03a99a074b42248d4ecc02cb48952f","TransformerTimeSeries|in100-out6|bs64|lr0.001|win15|feat2","LOCAL","btc_forecast/tunning_models_v3.py","user","FINISHED","64","BTCUSDT","","close,open","100","6","0.001","TransformerTimeSeries","50","2","15","628.4560315356123","104.74267192260204","1262.9803412555295","210.49672354258826","0.0010285433429304193","0.0010285433429304193","0.0010954192719929358","0.0010954192719929358","crypto-forecast","","",""
"2025-09-18 08:43:34","1.4min","c22f5e7c8ded4542b34c35df7f26d598","SimpleFC|in100-out6|bs64|lr0.001|win15|feat2","LOCAL","btc_forecast/tunning_models_v3.py","user","FINISHED","64","BTCUSDT","","close,open","100","6","0.001","SimpleFC","50","2","15","649.1609309784224","108.19348849640373","1259.9383629546028","209.98972715910045","0.0009923895431886234","0.0009923895431886234","0.0010969579956368902","0.0010969579956368902","crypto-forecast","","",""
"2025-09-18 13:52:57","2.3min","25d436ae708747fba1058fb0a2f83fb5","ConvFC|in200-out6|bs64|lr0.0005|win15|feat2","LOCAL","btc_forecast/tunning_models_v3.py","user","FINISHED","64","BTCUSDT","","close,open","200","6","0.0005","ConvFC","50","2","15","631.3886153129561","105.23143588549267","1300.9548341071938","216.8258056845323","0.0009197582168761093","0.0009197582168761093","0.0010976244118211574","0.0010976244118211574","crypto-forecast","","",""
"2025-09-18 09:09:02","4.0min","24e474b20d3c43e1a5314d8f220fcce2","TransformerTimeSeries|in100-out6|bs64|lr0.0005|win15|feat2","LOCAL","btc_forecast/tunning_models_v3.py","user","FINISHED","64","BTCUSDT","","close,open","100","6","0.0005","TransformerTimeSeries","50","2","15","674.789083131595","112.46484718859917","1312.9326089272486","218.82210148787476","0.000984235319482362","0.000984235319482362","0.0011002221330832422","0.0011002221330832422","crypto-forecast","","",""
"2025-09-18 13:29:40","2.2min","fba0136ae7224e4eb5e985f30020d89e","ConvFC|in200-out6|bs64|lr0.001|win15|feat2","LOCAL","btc_forecast/tunning_models_v3.py","user","FINISHED","64","BTCUSDT","","close,open","200","6","0.001","ConvFC","50","2","15","627.2533700262402","104.5422283377067","1265.456582024688","210.90943033744801","0.0009410149343219038","0.0009410149343219038","0.001102071051294825","0.001102071051294825","crypto-forecast","","",""
"2025-09-18 18:05:23","3.0min","e1888fc5881946d4aff1e0863eca7ed9","GRUStacked|in100-out6|bs32|lr0.001|win15|feat2","LOCAL","btc_forecast/tunning_models_v3.py","user","FINISHED","32","BTCUSDT","","close,high","100","6","0.001","GRUStacked","50","2","15","560.9921032586508","93.4986838764418","1176.1219120222163","196.0203186703694","0.0010454810170238149","0.0010454810170238149","0.0011022785643441042","0.0011022785643441042","crypto-forecast","","",""
"2025-09-18 19:08:11","2.9min","3826a6db0a4e4bcd9bc4e2d7670b1322","GRUStacked|in100-out6|bs64|lr0.0005|win15|feat2","LOCAL","btc_forecast/tunning_models_v3.py","user","FINISHED","64","BTCUSDT","","close,high","100","6","0.0005","GRUStacked","50","2","15","571.2185977698335","95.2030996283056","1189.8299161254804","198.3049860209134","0.0010578091848297978","0.0010578091848297978","0.0011113889349172285","0.0011113889349172285","crypto-forecast","","",""
"2025-09-18 18:45:54","2.9min","13f995a8dfe042a9995c361e11f37f8e","GRUStacked|in100-out6|bs64|lr0.001|win15|feat2","LOCAL","btc_forecast/tunning_models_v3.py","user","FINISHED","64","BTCUSDT","","close,high","100","6","0.001","GRUStacked","50","2","15","580.615706971672","96.76928449527867","1197.8470704790445","199.6411784131741","0.0010361686105065722","0.0010361686105065722","0.0011131992300411535","0.0011131992300411535","crypto-forecast","","",""
"2025-09-18 12:49:06","1.7min","eb0194bf413a493794e302f03e005850","ConvFC|in200-out6|bs32|lr0.001|win15|feat2","LOCAL","btc_forecast/tunning_models_v3.py","user","FINISHED","32","BTCUSDT","","close,open","200","6","0.001","ConvFC","50","2","15","648.8720254909416","108.1453375818236","1259.5953887590033","209.93256479316722","0.0009957677178457699","0.0009957677178457699","0.0011165288382551436","0.0011165288382551436","crypto-forecast","","",""
"2025-09-18 18:25:44","4.1min","17750837f63745bca683453650e3d164","GRUStacked|in100-out6|bs32|lr0.0005|win15|feat2","LOCAL","btc_forecast/tunning_models_v3.py","user","FINISHED","32","BTCUSDT","","close,high","100","6","0.0005","GRUStacked","50","2","15","579.56610306349","96.59435051058166","1202.788343173435","200.46472386223914","0.0010291446980525865","0.0010291446980525865","0.0011190615190439914","0.0011190615190439914","crypto-forecast","","",""
"2025-09-18 23:06:55","3.5min","7f2e6321eff1480aaa0fbd5b7067903c","GRUStacked|in200-out6|bs32|lr0.001|win15|feat2","LOCAL","btc_forecast/tunning_models_v3.py","user","FINISHED","32","BTCUSDT","","close,high","200","6","0.001","GRUStacked","50","2","15","583.4197471527635","97.23662452546058","1212.4824454167006","202.0804075694501","0.0010463564755287841","0.0010463564755287841","0.0011220133667310401","0.0011220133667310401","crypto-forecast","","",""
"2025-09-18 13:11:44","1.8min","d30e37824fb1427b918c443a2e2af9cc","SimpleFC|in200-out6|bs32|lr0.0005|win15|feat2","LOCAL","btc_forecast/tunning_models_v3.py","user","FINISHED","32","BTCUSDT","","close,open","200","6","0.0005","SimpleFC","50","2","15","662.9145273972625","110.48575456621042","1291.6071136769663","215.26785227949438","0.0010177650332992539","0.0010177650332992539","0.0011264466660546473","0.0011264466660546473","crypto-forecast","","",""
"2025-09-19 00:00:08","2.4min","4d3e442a68414c8db46afb090e09175f","GRUStacked|in200-out6|bs64|lr0.001|win15|feat2","LOCAL","btc_forecast/tunning_models_v3.py","user","FINISHED","64","BTCUSDT","","close,high","200","6","0.001","GRUStacked","50","2","15","586.3492513020102","97.7248752170017","1206.2674266958436","201.04457111597392","0.0010684692560871654","0.0010684692560871654","0.0011455533883050627","0.0011455533883050627","crypto-forecast","","",""
"2025-09-18 23:30:13","3.6min","d9ae7702606d4c249db6f357439ec7ae","GRUStacked|in200-out6|bs32|lr0.0005|win15|feat2","LOCAL","btc_forecast/tunning_models_v3.py","user","FINISHED","32","BTCUSDT","","close,high","200","6","0.0005","GRUStacked","50","2","15","592.6742787499634","98.77904645832723","1212.0706035369624","202.0117672561604","0.0010489851613993087","0.0010489851613993087","0.0011470211984775508","0.0011470211984775508","crypto-forecast","","",""
"2025-09-18 14:00:02","4.7min","77f4818f7e0f4684a6e7d1a742481068","TransformerTimeSeries|in200-out6|bs64|lr0.0005|win15|feat2","LOCAL","btc_forecast/tunning_models_v3.py","user","FINISHED","64","BTCUSDT","","close,open","200","6","0.0005","TransformerTimeSeries","50","2","15","665.8028462537017","110.96714104228361","1284.7228186674915","214.12046977791525","0.0010600745693779203","0.0010600745693779203","0.0011570735630953403","0.0011570735630953403","crypto-forecast","","",""
"2025-09-18 13:55:16","1.8min","4b7c3a9a767c4032a37d42492e139408","SimpleFC|in200-out6|bs64|lr0.0005|win15|feat2","LOCAL","btc_forecast/tunning_models_v3.py","user","FINISHED","64","BTCUSDT","","close,open","200","6","0.0005","SimpleFC","50","2","15","692.3167919948387","115.38613199913978","1287.7522623072246","214.62537705120408","0.00099679269036502","0.00099679269036502","0.0011615829600345625","0.0011615829600345625","crypto-forecast","","",""
"2025-09-18 08:26:50","2.9min","7ae8ff6c21b24ce1aa4bcf65bbe5456f","TransformerTimeSeries|in100-out6|bs32|lr0.0005|win15|feat2","LOCAL","btc_forecast/tunning_models_v3.py","user","FINISHED","32","BTCUSDT","","close,open","100","6","0.0005","TransformerTimeSeries","50","2","15","666.9312158283562","111.15520263805938","1292.544653760337","215.42410896005617","0.0010553362329447525","0.0010553362329447525","0.001164402216055756","0.001164402216055756","crypto-forecast","","",""
"2025-09-18 12:50:49","1.3min","b39fdbef7e914c8c9c099de6b6d3508a","SimpleFC|in200-out6|bs32|lr0.001|win15|feat2","LOCAL","btc_forecast/tunning_models_v3.py","user","FINISHED","32","BTCUSDT","","close,open","200","6","0.001","SimpleFC","50","2","15","726.8953409577077","121.1492234929513","1332.3778755801204","222.0629792633534","0.0010616767738267294","0.0010616767738267294","0.0011780362293634613","0.0011780362293634613","crypto-forecast","","",""
"2025-09-17 22:26:26","3.6min","bb1733177043416f8b772d851c1534dc","GRUStacked|in100-out6|bs32|lr0.0005|win15|feat1","LOCAL","btc_forecast/tunning_models_v3.py","user","FINISHED","32","BTCUSDT","","close","100","6","0.0005","GRUStacked","50","1","15","583.6215476390373","97.27025793983955","1187.7606116237541","197.96010193729236","0.0010698029421083374","0.0010698029421083374","0.0011834222913147455","0.0011834222913147455","crypto-forecast","","",""
"2025-09-18 13:31:53","1.6min","7a4306255d3b4c1980cb66e8ae1adb3a","SimpleFC|in200-out6|bs64|lr0.001|win15|feat2","LOCAL","btc_forecast/tunning_models_v3.py","user","FINISHED","64","BTCUSDT","","close,open","200","6","0.001","SimpleFC","50","2","15","739.6786278687323","123.27977131145538","1329.8148445583179","221.63580742638632","0.001023106457048945","0.001023106457048945","0.0011850025430513835","0.0011850025430513835","crypto-forecast","","",""
"2025-09-17 22:46:50","2.1min","ff3ce8dcf01c424caab857b12564e86f","GRUStacked|in100-out6|bs64|lr0.001|win15|feat1","LOCAL","btc_forecast/tunning_models_v3.py","user","FINISHED","64","BTCUSDT","","close","100","6","0.001","GRUStacked","50","1","15","576.3309687062765","96.05516145104609","1201.5990716192184","200.2665119365364","0.0010810477383797592","0.0010810477383797592","0.0011896329395033088","0.0011896329395033088","crypto-forecast","","",""
"2025-09-18 02:44:31","2.9min","f3179fcc0d65400e9ac32097ff4cc13d","GRUStacked|in200-out6|bs32|lr0.001|win15|feat1","LOCAL","btc_forecast/tunning_models_v3.py","user","FINISHED","32","BTCUSDT","","close","200","6","0.001","GRUStacked","50","1","15","593.6418898164571","98.94031496940953","1186.6910342506949","197.7818390417825","0.0010804360181363652","0.0010804360181363652","0.0011917158870019104","0.0011917158870019104","crypto-forecast","","",""
"2025-09-18 19:03:28","2.7min","5ffa9c1f1c704e8d80354362529212db","ConvFC|in100-out6|bs64|lr0.0005|win15|feat2","LOCAL","btc_forecast/tunning_models_v3.py","user","FINISHED","64","BTCUSDT","","close,high","100","6","0.0005","ConvFC","50","2","15","617.4781110622969","102.91301851038281","1257.945143272879","209.65752387881318","0.001079564192260466","0.001079564192260466","0.0011926589991512278","0.0011926589991512278","crypto-forecast","","",""
"2025-09-18 09:02:24","2.9min","9cbc9cd6a2364a2ab2b9f33bf84f4d4e","SimpleFC|in100-out6|bs64|lr0.0005|win15|feat2","LOCAL","btc_forecast/tunning_models_v3.py","user","FINISHED","64","BTCUSDT","","close,open","100","6","0.0005","SimpleFC","50","2","15","760.1731161205771","126.69551935342952","1382.193005517119","230.36550091951983","0.0009453022172732025","0.0009453022172732025","0.0011929153396732335","0.0011929153396732335","crypto-forecast","","",""
"2025-09-17 22:08:22","2.4min","3326f70c177b4e05a8c14f37282233c3","GRUStacked|in100-out6|bs32|lr0.001|win15|feat1","LOCAL","btc_forecast/tunning_models_v3.py","user","FINISHED","32","BTCUSDT","","close","100","6","0.001","GRUStacked","50","1","15","597.5402674135382","99.59004456892303","1206.3606835692785","201.0601139282131","0.001082081492085282","0.001082081492085282","0.0011934439317850642","0.0011934439317850642","crypto-forecast","","",""
"2025-09-18 03:58:21","3.1min","0c06a1b88b7341b9a24f21010a19ac96","GRUStacked|in200-out6|bs64|lr0.0005|win15|feat1","LOCAL","btc_forecast/tunning_models_v3.py","user","FINISHED","64","BTCUSDT","","close","200","6","0.0005","GRUStacked","50","1","15","573.3155517590261","95.55259195983768","1183.1984202254635","197.19973670424392","0.0010814738034841268","0.0010814738034841268","0.0011960998764832377","0.0011960998764832377","crypto-forecast","","",""
"2025-09-18 18:21:12","2.6min","fa7939c3ca974c2e8c72fcaaf99f1957","ConvFC|in100-out6|bs32|lr0.0005|win15|feat2","LOCAL","btc_forecast/tunning_models_v3.py","user","FINISHED","32","BTCUSDT","","close,high","100","6","0.0005","ConvFC","50","2","15","622.6191244172345","103.76985406953908","1268.957578635647","211.49292977260782","0.001075759108720631","0.001075759108720631","0.0011974144687368366","0.0011974144687368366","crypto-forecast","","",""
"2025-09-17 23:03:22","2.3min","562c8927be274a299a909c4dd2a3ebf1","GRUStacked|in100-out6|bs64|lr0.0005|win15|feat1","LOCAL","btc_forecast/tunning_models_v3.py","user","FINISHED","64","BTCUSDT","","close","100","6","0.0005","GRUStacked","50","1","15","599.55232238826","99.92538706471","1194.9433685721024","199.1572280953504","0.0010907957537945447","0.0010907957537945447","0.001198187404042983","0.001198187404042983","crypto-forecast","","",""
"2025-09-18 03:07:33","3.1min","850b5a70d14d4dc8894de68df48c0c5f","GRUStacked|in200-out6|bs32|lr0.0005|win15|feat1","LOCAL","btc_forecast/tunning_models_v3.py","user","FINISHED","32","BTCUSDT","","close","200","6","0.0005","GRUStacked","50","1","15","573.4983189016715","95.58305315027859","1196.517166018578","199.41952766976303","0.0010792057437556588","0.0010792057437556588","0.0011986840659263317","0.0011986840659263317","crypto-forecast","","",""
"2025-09-18 18:02:56","2.4min","20e07f342cbf4b42a5fa48a7f50e195c","SimpleFC|in100-out6|bs32|lr0.001|win15|feat2","LOCAL","btc_forecast/tunning_models_v3.py","user","FINISHED","32","BTCUSDT","","close,high","100","6","0.001","SimpleFC","50","2","15","612.454996810543","102.07583280175716","1229.4511448901","204.90852414835","0.0011684218680299084","0.0011684218680299084","0.0012106607242765085","0.0012106607242765085","crypto-forecast","","",""
"2025-09-18 19:11:05","3.5min","d201264d155844ca9b62fc6042d032f8","TransformerTimeSeries|in100-out6|bs64|lr0.0005|win15|feat2","LOCAL","btc_forecast/tunning_models_v3.py","user","FINISHED","64","BTCUSDT","","close,high","100","6","0.0005","TransformerTimeSeries","50","2","15","659.4783613274894","109.91306022124824","1265.2419798394437","210.87366330657395","0.001163553477271967","0.001163553477271967","0.001217423067618466","0.001217423067618466","crypto-forecast","","",""
"2025-09-18 03:37:07","2.1min","6b89e56cce98462498a2514c8ad38b58","GRUStacked|in200-out6|bs64|lr0.001|win15|feat1","LOCAL","btc_forecast/tunning_models_v3.py","user","FINISHED","64","BTCUSDT","","close","200","6","0.001","GRUStacked","50","1","15","610.5006029375082","101.75010048958471","1215.4510189225302","202.5751698204217","0.0010925702912832744","0.0010925702912832744","0.0012185229490074845","0.0012185229490074845","crypto-forecast","","",""
"2025-09-18 13:36:23","4.5min","00905b2c847d4c078db58d73e393bf57","TransformerTimeSeries|in200-out6|bs64|lr0.001|win15|feat2","LOCAL","btc_forecast/tunning_models_v3.py","user","FINISHED","64","BTCUSDT","","close,open","200","6","0.001","TransformerTimeSeries","50","2","15","713.879410477604","118.97990174626733","1355.447773961055","225.9079623268425","0.0010685771775680113","0.0010685771775680113","0.001227267715558342","0.001227267715558342","crypto-forecast","","",""
"2025-09-18 18:42:06","2.3min","cf16eaf148f94a40bc4c2212304dcf7a","ConvFC|in100-out6|bs64|lr0.001|win15|feat2","LOCAL","btc_forecast/tunning_models_v3.py","user","FINISHED","64","BTCUSDT","","close,high","100","6","0.001","ConvFC","50","2","15","627.5735984035489","104.59559973392481","1246.0927426260782","207.68212377101304","0.001094021253673927","0.001094021253673927","0.0012274186647118768","0.0012274186647118768","crypto-forecast","","",""
"2025-09-18 19:06:12","2.0min","5532f566a959425aa399a64b28504625","SimpleFC|in100-out6|bs64|lr0.0005|win15|feat2","LOCAL","btc_forecast/tunning_models_v3.py","user","FINISHED","64","BTCUSDT","","close,high","100","6","0.0005","SimpleFC","50","2","15","635.9350958941848","105.9891826490308","1279.0249293378479","213.17082155630797","0.0011571830922890384","0.0011571830922890384","0.0012276848647161387","0.0012276848647161387","crypto-forecast","","",""
"2025-09-18 13:16:50","2.4min","50bfcfc7fcb147ca9e59514856138595","TransformerTimeSeries|in200-out6|bs32|lr0.0005|win15|feat2","LOCAL","btc_forecast/tunning_models_v3.py","user","FINISHED","32","BTCUSDT","","close,open","200","6","0.0005","TransformerTimeSeries","50","2","15","704.8544569127099","117.47574281878498","1329.2108333693461","221.53513889489102","0.0011078905079576196","0.0011078905079576196","0.0012282048198541766","0.0012282048198541766","crypto-forecast","","",""
"2025-09-18 18:29:51","3.4min","318086944b314b8a9d859fd3bebc4e6c","TransformerTimeSeries|in100-out6|bs32|lr0.0005|win15|feat2","LOCAL","btc_forecast/tunning_models_v3.py","user","FINISHED","32","BTCUSDT","","close,high","100","6","0.0005","TransformerTimeSeries","50","2","15","696.1971741730492","116.03286236217487","1317.7752153263696","219.62920255439494","0.0011781972838826485","0.0011781972838826485","0.0012377295907129568","0.0012377295907129568","crypto-forecast","","",""
"2025-09-18 18:00:51","2.1min","a7183029381b4e228d0de797a2ac16d5","ConvFC|in100-out6|bs32|lr0.001|win15|feat2","LOCAL","btc_forecast/tunning_models_v3.py","user","FINISHED","32","BTCUSDT","","close,high","100","6","0.001","ConvFC","50","2","15","640.5967961886457","106.76613269810763","1280.5635830254598","213.42726383757665","0.00111083827142055","0.00111083827142055","0.0012420536940763087","0.0012420536940763087","crypto-forecast","","",""
"2025-09-18 23:25:12","2.3min","65ceac7a791f497eb281d71839507db8","ConvFC|in200-out6|bs32|lr0.0005|win15|feat2","LOCAL","btc_forecast/tunning_models_v3.py","user","FINISHED","32","BTCUSDT","","close,high","200","6","0.0005","ConvFC","50","2","15","645.6685109238672","107.6114184873112","1280.8151903468488","213.46919839114148","0.001065819799224766","0.001065819799224766","0.0012430178807083055","0.0012430178807083055","crypto-forecast","","",""
"2025-09-18 23:27:29","2.7min","e48fbc9eaf494f70bed69770ac6130a2","SimpleFC|in200-out6|bs32|lr0.0005|win15|feat2","LOCAL","btc_forecast/tunning_models_v3.py","user","FINISHED","32","BTCUSDT","","close,high","200","6","0.0005","SimpleFC","50","2","15","620.0741863119663","103.34569771866104","1235.630029213451","205.93833820224185","0.0011935107255333722","0.0011935107255333722","0.0012511194407372847","0.0012511194407372847","crypto-forecast","","",""
"2025-09-18 03:10:37","11.1min","dfd452d7f7a34bc2ae84e6cf3a0be383","TransformerTimeSeries|in200-out6|bs32|lr0.0005|win15|feat1","LOCAL","btc_forecast/tunning_models_v3.py","user","FINISHED","32","BTCUSDT","","close","200","6","0.0005","TransformerTimeSeries","50","1","15","587.3526050955052","97.89210084925087","1230.473497417435","205.07891623623917","0.0011344155248476967","0.0011344155248476967","0.0012520442477361143","0.0012520442477361143","crypto-forecast","","",""
"2025-09-18 18:48:47","3.0min","dd759d561cc247d2afee3db0c22252a6","TransformerTimeSeries|in100-out6|bs64|lr0.001|win15|feat2","LOCAL","btc_forecast/tunning_models_v3.py","user","FINISHED","64","BTCUSDT","","close,high","100","6","0.001","TransformerTimeSeries","50","2","15","717.6939235227836","119.61565392046394","1297.5471939179022","216.2578656529837","0.0011822510908635023","0.0011822510908635023","0.001252453733636335","0.001252453733636335","crypto-forecast","","",""
"2025-09-18 23:02:42","1.7min","cebd0b807d454213bf481e5fd4deca16","ConvFC|in200-out6|bs32|lr0.001|win15|feat2","LOCAL","btc_forecast/tunning_models_v3.py","user","FINISHED","32","BTCUSDT","","close,high","200","6","0.001","ConvFC","50","2","15","633.5978938190474","105.59964896984123","1259.8147108192782","209.9691184698797","0.0011384248639008069","0.0011384248639008069","0.0012602274615355537","0.0012602274615355537","crypto-forecast","","",""
"2025-09-18 23:56:37","3.5min","27fa76e28ecc4e91b8677ea89a584143","SimpleFC|in200-out6|bs64|lr0.001|win15|feat2","LOCAL","btc_forecast/tunning_models_v3.py","user","FINISHED","64","BTCUSDT","","close,high","200","6","0.001","SimpleFC","50","2","15","678.586185001406","113.09769750023433","1267.777345432516","211.29622423875267","0.0011922281023894006","0.0011922281023894006","0.0012648443605816353","0.0012648443605816353","crypto-forecast","","",""
"2025-09-18 18:23:48","1.9min","b2d43160dac94e5c9eeae6514325f8a9","SimpleFC|in100-out6|bs32|lr0.0005|win15|feat2","LOCAL","btc_forecast/tunning_models_v3.py","user","FINISHED","32","BTCUSDT","","close,high","100","6","0.0005","SimpleFC","50","2","15","680.9553493419506","113.49255822365843","1277.427374102218","212.90456235036967","0.0011647654349390456","0.0011647654349390456","0.0012659662408075374","0.0012659662408075374","crypto-forecast","","",""
"2025-09-18 23:33:47","4.3min","2fcf3d6a08b0438490ba8763954dc37b","TransformerTimeSeries|in200-out6|bs32|lr0.0005|win15|feat2","LOCAL","btc_forecast/tunning_models_v3.py","user","FINISHED","32","BTCUSDT","","close,high","200","6","0.0005","TransformerTimeSeries","50","2","15","614.8060744831542","102.46767908052571","1266.8337819659575","211.1389636609929","0.001214615429447135","0.001214615429447135","0.0012674216803691832","0.0012674216803691832","crypto-forecast","","",""
"2025-09-17 22:59:37","1.9min","6183a13f524c4667980a96f904ebe91f","ConvFC|in100-out6|bs64|lr0.0005|win15|feat1","LOCAL","btc_forecast/tunning_models_v3.py","user","FINISHED","64","BTCUSDT","","close","100","6","0.0005","ConvFC","50","1","15","636.4272560061308","106.07120933435515","1249.6458017884129","208.27430029806882","0.0011453895743943326","0.0011453895743943326","0.0012705285890451006","0.0012705285890451006","crypto-forecast","","",""
"2025-09-18 23:53:33","3.1min","c0b0f69463af4eac9e26b928bf7cf7d6","ConvFC|in200-out6|bs64|lr0.001|win15|feat2","LOCAL","btc_forecast/tunning_models_v3.py","user","FINISHED","64","BTCUSDT","","close,high","200","6","0.001","ConvFC","50","2","15","633.9755079681275","105.66258466135459","1287.18035978515","214.53005996419165","0.001124182966592783","0.001124182966592783","0.0012707274697621542","0.0012707274697621542","crypto-forecast","","",""
"2025-09-17 22:42:48","2.0min","54d1c274def34aeeadc5d7a75823b4d5","ConvFC|in100-out6|bs64|lr0.001|win15|feat1","LOCAL","btc_forecast/tunning_models_v3.py","user","FINISHED","64","BTCUSDT","","close","100","6","0.001","ConvFC","50","1","15","614.46341643838","102.41056940639668","1239.334745409932","206.55579090165534","0.0011419373275699358","0.0011419373275699358","0.0012711233801103216","0.0012711233801103216","crypto-forecast","","",""
"2025-09-17 22:24:41","1.7min","03d9254f912a433d83e20df314d8df3f","SimpleFC|in100-out6|bs32|lr0.0005|win15|feat1","LOCAL","btc_forecast/tunning_models_v3.py","user","FINISHED","32","BTCUSDT","","close","100","6","0.0005","SimpleFC","50","1","15","608.9321656852886","101.48869428088143","1275.93356077446","212.65559346241","0.0011422560468011226","0.0011422560468011226","0.001271378102990047","0.001271378102990047","crypto-forecast","","",""
"2025-09-18 23:04:28","2.4min","bbd9f159308740aea81f4c6ef37a4b3a","SimpleFC|in200-out6|bs32|lr0.001|win15|feat2","LOCAL","btc_forecast/tunning_models_v3.py","user","FINISHED","32","BTCUSDT","","close,high","200","6","0.001","SimpleFC","50","2","15","653.9315350463344","108.98858917438906","1276.637108473835","212.77285141230584","0.00120538091911099","0.00120538091911099","0.0012719303692001033","0.0012719303692001033","crypto-forecast","","",""
"2025-09-17 22:22:57","1.7min","3a853b567b7e4599820793d5e9273d0d","ConvFC|in100-out6|bs32|lr0.0005|win15|feat1","LOCAL","btc_forecast/tunning_models_v3.py","user","FINISHED","32","BTCUSDT","","close","100","6","0.0005","ConvFC","50","1","15","613.5002431959897","102.25004053266495","1265.0402204249676","210.84003673749461","0.0011495272608302866","0.0011495272608302866","0.0012722335411488156","0.0012722335411488156","crypto-forecast","","",""
"2025-09-18 18:08:25","2.8min","9a256868ff414c79af5044ce97e1eca5","TransformerTimeSeries|in100-out6|bs32|lr0.001|win15|feat2","LOCAL","btc_forecast/tunning_models_v3.py","user","FINISHED","32","BTCUSDT","","close,high","100","6","0.001","TransformerTimeSeries","50","2","15","668.1322295686402","111.35537159477337","1307.1872719658356","217.86454532763926","0.001223495722907552","0.001223495722907552","0.0012731620504349717","0.0012731620504349717","crypto-forecast","","",""
"2025-09-18 18:44:26","1.5min","6c147960b1f646ac9b6e2179b592d5a5","SimpleFC|in100-out6|bs64|lr0.001|win15|feat2","LOCAL","btc_forecast/tunning_models_v3.py","user","FINISHED","64","BTCUSDT","","close,high","100","6","0.001","SimpleFC","50","2","15","728.8194494990096","121.46990824983493","1315.8560942053346","219.30934903422244","0.0012002897627133651","0.0012002897627133651","0.001276836156718603","0.001276836156718603","crypto-forecast","","",""
"2025-09-17 22:06:49","1.5min","d28f0db0e59c4655b3913940d0deff26","SimpleFC|in100-out6|bs32|lr0.001|win15|feat1","LOCAL","btc_forecast/tunning_models_v3.py","user","FINISHED","32","BTCUSDT","","close","100","6","0.001","SimpleFC","50","1","15","617.7161352987307","102.95268921645511","1270.2807451230335","211.71345752050559","0.0011731828301320196","0.0011731828301320196","0.0012780166050161135","0.0012780166050161135","crypto-forecast","","",""
"2025-09-17 22:04:33","2.2min","5aa715c7956c4dd5b6a304914f7ed231","ConvFC|in100-out6|bs32|lr0.001|win15|feat1","LOCAL","btc_forecast/tunning_models_v3.py","user","FINISHED","32","BTCUSDT","","close","100","6","0.001","ConvFC","50","1","15","613.4114919232579","102.23524865387633","1265.8581162874502","210.97635271457503","0.0011323010679597095","0.0011323010679597095","0.0012797976587337991","0.0012797976587337991","crypto-forecast","","",""
"2025-09-17 22:10:48","3.1min","73f2a48716fb48eabf0c39207543e934","TransformerTimeSeries|in100-out6|bs32|lr0.001|win15|feat1","LOCAL","btc_forecast/tunning_models_v3.py","user","FINISHED","32","BTCUSDT","","close","100","6","0.001","TransformerTimeSeries","50","1","15","645.705444034292","107.61757400571533","1247.3743802985314","207.89573004975523","0.0012305214315349753","0.0012305214315349753","0.001281803453177023","0.001281803453177023","crypto-forecast","","",""
"2025-09-17 23:01:34","1.8min","555e648a355e4df7a19bf99ad60bb6db","SimpleFC|in100-out6|bs64|lr0.0005|win15|feat1","LOCAL","btc_forecast/tunning_models_v3.py","user","FINISHED","64","BTCUSDT","","close","100","6","0.0005","SimpleFC","50","1","15","623.0237688267133","103.83729480445221","1282.3580047362084","213.7263341227014","0.0011370189898581575","0.0011370189898581575","0.0012855342654522527","0.0012855342654522527","crypto-forecast","","",""
"2025-09-18 02:42:52","1.6min","aea5f27b0f534593b685f40ed0f0e47b","SimpleFC|in200-out6|bs32|lr0.001|win15|feat1","LOCAL","btc_forecast/tunning_models_v3.py","user","FINISHED","32","BTCUSDT","","close","200","6","0.001","SimpleFC","50","1","15","624.4201161887925","104.07001936479874","1243.9367623091277","207.32279371818797","0.001187766325622845","0.001187766325622845","0.0012944025481292534","0.0012944025481292534","crypto-forecast","","",""
"2025-09-18 03:56:41","1.7min","6ce814fc28b34849add50541d7f5277d","SimpleFC|in200-out6|bs64|lr0.0005|win15|feat1","LOCAL","btc_forecast/tunning_models_v3.py","user","FINISHED","64","BTCUSDT","","close","200","6","0.0005","SimpleFC","50","1","15","637.9659919610131","106.32766532683551","1244.3009274423318","207.3834879070553","0.0011492035740117829","0.0011492035740117829","0.0013029611479034376","0.0013029611479034376","crypto-forecast","","",""
"2025-09-18 03:05:47","1.8min","8ecfe8737c504dc49b0ee65eec77d14b","SimpleFC|in200-out6|bs32|lr0.0005|win15|feat1","LOCAL","btc_forecast/tunning_models_v3.py","user","FINISHED","32","BTCUSDT","","close","200","6","0.0005","SimpleFC","50","1","15","643.2470131199973","107.20783551999955","1251.9584183403172","208.65973639005287","0.0011644629280113286","0.0011644629280113286","0.0013074490558307895","0.0013074490558307895","crypto-forecast","","",""
"2025-09-18 03:02:54","2.9min","5c259473613348b391b119ef2f06591c","ConvFC|in200-out6|bs32|lr0.0005|win15|feat1","LOCAL","btc_forecast/tunning_models_v3.py","user","FINISHED","32","BTCUSDT","","close","200","6","0.0005","ConvFC","50","1","15","642.9840463348728","107.1640077224788","1519.081983964485","253.1803306607475","0.0011319698037478042","0.0011319698037478042","0.0013101327486099434","0.0013101327486099434","crypto-forecast","","",""
"2025-09-18 03:33:55","1.8min","e0d59a17b48d43688645c5fb4a77a923","ConvFC|in200-out6|bs64|lr0.001|win15|feat1","LOCAL","btc_forecast/tunning_models_v3.py","user","FINISHED","64","BTCUSDT","","close","200","6","0.001","ConvFC","50","1","15","637.3530092479866","106.2255015413311","1260.4031768544514","210.06719614240856","0.0011791770539075713","0.0011791770539075713","0.001310255796322486","0.001310255796322486","crypto-forecast","","",""
"2025-09-17 22:44:52","2.0min","8a977de035054ba7a986e4d39007f7ed","SimpleFC|in100-out6|bs64|lr0.001|win15|feat1","LOCAL","btc_forecast/tunning_models_v3.py","user","FINISHED","64","BTCUSDT","","close","100","6","0.001","SimpleFC","50","1","15","674.2219410123182","112.37032350205304","1304.310984844519","217.38516414075318","0.0011368242019930514","0.0011368242019930514","0.0013186394311420512","0.0013186394311420512","crypto-forecast","","",""
"2025-09-18 03:54:43","2.0min","9e826edcd9da4c08887a7416d1982fb1","ConvFC|in200-out6|bs64|lr0.0005|win15|feat1","LOCAL","btc_forecast/tunning_models_v3.py","user","FINISHED","64","BTCUSDT","","close","200","6","0.0005","ConvFC","50","1","15","661.6596733468555","110.27661222447591","1243.0613298737348","207.17688831228915","0.0011971424696989392","0.0011971424696989392","0.0013242881799916946","0.0013242881799916946","crypto-forecast","","",""
"2025-09-17 22:30:01","5.0min","5fa025f9404d4dd0a78dbed07de7d1dd","TransformerTimeSeries|in100-out6|bs32|lr0.0005|win15|feat1","LOCAL","btc_forecast/tunning_models_v3.py","user","FINISHED","32","BTCUSDT","","close","100","6","0.0005","TransformerTimeSeries","50","1","15","673.099896965619","112.1833161609365","1319.1627947992456","219.86046579987428","0.001194584661043062","0.001194584661043062","0.001341146944723294","0.001341146944723294","crypto-forecast","","",""
"2025-09-19 00:02:30","10.3min","e5a7490ebb564262ba5bd9ecd4f075bf","TransformerTimeSeries|in200-out6|bs64|lr0.001|win15|feat2","LOCAL","btc_forecast/tunning_models_v3.py","user","FINISHED","64","BTCUSDT","","close,high","200","6","0.001","TransformerTimeSeries","50","2","15","767.6794158979625","127.94656931632709","1376.4022168785136","229.40036947975227","0.0011417112644786748","0.0011417112644786748","0.0013560304627019135","0.0013560304627019135","crypto-forecast","","",""
"2025-09-18 02:40:50","2.0min","2078dd8c5e8d47f98283afeb82db2984","ConvFC|in200-out6|bs32|lr0.001|win15|feat1","LOCAL","btc_forecast/tunning_models_v3.py","user","FINISHED","32","BTCUSDT","","close","200","6","0.001","ConvFC","50","1","15","658.1687083610794","109.69478472684658","1278.6878537990042","213.11464229983403","0.0012540304245822504","0.0012540304245822504","0.0013598778425365202","0.0013598778425365202","crypto-forecast","","",""
"2025-09-18 03:35:46","1.3min","20d4f8192166400b9a4b2920115a6b9e","SimpleFC|in200-out6|bs64|lr0.001|win15|feat1","LOCAL","btc_forecast/tunning_models_v3.py","user","FINISHED","64","BTCUSDT","","close","200","6","0.001","SimpleFC","50","1","15","715.4789925733068","119.2464987622178","1327.8772911498284","221.31288185830473","0.0012015406718601698","0.0012015406718601698","0.001407427427605319","0.001407427427605319","crypto-forecast","","",""
"2025-09-17 23:05:40","1.5min","5dbfddd2c13f43f9a3da466a62597356","TransformerTimeSeries|in100-out6|bs64|lr0.0005|win15|feat1","LOCAL","btc_forecast/tunning_models_v3.py","user","FINISHED","64","BTCUSDT","","close","100","6","0.0005","TransformerTimeSeries","50","1","15","656.9465007443068","109.49108345738448","1303.2294337378517","217.20490562297528","0.0013538391007329573","0.0013538391007329573","0.0014115297021467437","0.0014115297021467437","crypto-forecast","","",""
"2025-09-18 04:01:29","2.7min","cca16bea76d2478e93682ab4064a401d","TransformerTimeSeries|in200-out6|bs64|lr0.0005|win15|feat1","LOCAL","btc_forecast/tunning_models_v3.py","user","FINISHED","64","BTCUSDT","","close","200","6","0.0005","TransformerTimeSeries","50","1","15","650.7398422350736","108.45664037251227","1289.308429441083","214.8847382401805","0.0013365505740863966","0.0013365505740863966","0.0014117600541653393","0.0014117600541653393","crypto-forecast","","",""
"2025-09-18 03:39:11","3.0min","c6236a1da47b4b41b9ca1bbd34647a70","TransformerTimeSeries|in200-out6|bs64|lr0.001|win15|feat1","LOCAL","btc_forecast/tunning_models_v3.py","user","FINISHED","64","BTCUSDT","","close","200","6","0.001","TransformerTimeSeries","50","1","15","676.4052175657845","112.73420292763075","1309.80704070967","218.30117345161167","0.0013316352945436777","0.0013316352945436777","0.0014353494759755281","0.0014353494759755281","crypto-forecast","","",""
"2025-09-17 22:48:56","1.4min","b272d4a61bef4c4ea8ea3c0fc38b5db1","TransformerTimeSeries|in100-out6|bs64|lr0.001|win15|feat1","LOCAL","btc_forecast/tunning_models_v3.py","user","FINISHED","64","BTCUSDT","","close","100","6","0.001","TransformerTimeSeries","50","1","15","729.7883150733292","121.63138584555486","1338.6675094997606","223.11125158329344","0.001378132319609623","0.001378132319609623","0.001456021011948066","0.001456021011948066","crypto-forecast","","",""
"2025-09-18 02:47:27","2.4min","ce17699fd1bb4664ad6cef2add21a4e3","TransformerTimeSeries|in200-out6|bs32|lr0.001|win15|feat1","LOCAL","btc_forecast/tunning_models_v3.py","user","FINISHED","32","BTCUSDT","","close","200","6","0.001","TransformerTimeSeries","50","1","15","740.386996557084","123.397832759514","1375.161974410449","229.19366240174148","0.0013672644085021965","0.0013672644085021965","0.0014841838206171337","0.0014841838206171337","crypto-forecast","","",""
"2025-09-18 23:41:55","4.0min","ecc92d8fcb934dcab44bf4825321f443","GRUStacked|in200-out6|bs64|lr0.001|win30|feat2","LOCAL","btc_forecast/tunning_models_v3.py","user","FINISHED","64","BTCUSDT","","close,high","200","6","0.001","GRUStacked","50","2","30","560.4547376066607","93.40912293444346","1206.0356126184638","201.00593543641062","0.001427086080188134","0.001427086080188134","0.0015536222635294781","0.0015536222635294781","crypto-forecast","","",""
"2025-09-18 18:15:35","3.0min","d4fd37b587ad473896856fdfaef8a888","GRUStacked|in100-out6|bs32|lr0.0005|win30|feat2","LOCAL","btc_forecast/tunning_models_v3.py","user","FINISHED","32","BTCUSDT","","close,high","100","6","0.0005","GRUStacked","50","2","30","550.2287593575387","91.70479322625646","1205.0439688565807","200.84066147609678","0.0014337909266526558","0.0014337909266526558","0.0015558451752598478","0.0015558451752598478","crypto-forecast","","",""
"2025-09-18 18:56:27","3.0min","494d14a697bf42149b9eda0558d937a0","GRUStacked|in100-out6|bs64|lr0.0005|win30|feat2","LOCAL","btc_forecast/tunning_models_v3.py","user","FINISHED","64","BTCUSDT","","close,high","100","6","0.0005","GRUStacked","50","2","30","552.8878532365139","92.147975539419","1206.961085375171","201.16018089586183","0.0014315710741731457","0.0014315710741731457","0.001559280445922958","0.001559280445922958","crypto-forecast","","",""
"2025-09-18 22:54:30","2.6min","4055529cbcac4fe1be0f2121daec9be6","GRUStacked|in200-out6|bs32|lr0.001|win30|feat2","LOCAL","btc_forecast/tunning_models_v3.py","user","FINISHED","32","BTCUSDT","","close,high","200","6","0.001","GRUStacked","50","2","30","553.2754105741037","92.21256842901728","1212.8449513797905","202.1408252299651","0.001441090120792234","0.001441090120792234","0.0015653455558070379","0.0015653455558070379","crypto-forecast","","",""
"2025-09-18 18:36:38","2.1min","da85655996d74ca6bda43170d90694d5","GRUStacked|in100-out6|bs64|lr0.001|win30|feat2","LOCAL","btc_forecast/tunning_models_v3.py","user","FINISHED","64","BTCUSDT","","close,high","100","6","0.001","GRUStacked","50","2","30","574.4412962114097","95.74021603523495","1210.9068615809792","201.81781026349654","0.0014353902340261075","0.0014353902340261075","0.0015661269643570067","0.0015661269643570067","crypto-forecast","","",""
"2025-09-18 18:59:27","4.0min","a496281fcbd24c9d853c8dee6740a4f5","TransformerTimeSeries|in100-out6|bs64|lr0.0005|win30|feat2","LOCAL","btc_forecast/tunning_models_v3.py","user","FINISHED","64","BTCUSDT","","close,high","100","6","0.0005","TransformerTimeSeries","50","2","30","581.5918724098688","96.93197873497813","1232.9194780665175","205.48657967775293","0.0015158782036740598","0.0015158782036740598","0.0015933365381945932","0.0015933365381945932","crypto-forecast","","",""
"2025-09-18 17:51:16","3.1min","e891ac31a4134f89a42b1dd33fdd493a","GRUStacked|in100-out6|bs32|lr0.001|win30|feat2","LOCAL","btc_forecast/tunning_models_v3.py","user","FINISHED","32","BTCUSDT","","close,high","100","6","0.001","GRUStacked","50","2","30","580.0018354370501","96.66697257284169","1222.172001302976","203.695333550496","0.001423457186180135","0.001423457186180135","0.001595402394179148","0.001595402394179148","crypto-forecast","","",""
"2025-09-18 08:54:56","3.5min","54647abc01cf477097a41cd125cec8b4","GRUStacked|in100-out6|bs64|lr0.0005|win30|feat2","LOCAL","btc_forecast/tunning_models_v3.py","user","FINISHED","64","BTCUSDT","","close,open","100","6","0.0005","GRUStacked","50","2","30","556.1121044796336","92.6853507466056","1204.5008957584716","200.7501492930786","0.0014364765043560779","0.0014364765043560779","0.0016107689804377278","0.0016107689804377278","crypto-forecast","","",""
"2025-09-18 13:24:35","2.2min","6117fbdf225243f3a6f0919934207743","GRUStacked|in200-out6|bs64|lr0.001|win30|feat2","LOCAL","btc_forecast/tunning_models_v3.py","user","FINISHED","64","BTCUSDT","","close,open","200","6","0.001","GRUStacked","50","2","30","553.0073660297637","92.16789433829395","1210.7011341858745","201.7835223643124","0.0014572986347973604","0.0014572986347973604","0.001617797850238417","0.001617797850238417","crypto-forecast","","",""
"2025-09-18 12:44:04","2.8min","b6b05985bcd24ffaacdcc025f8307252","GRUStacked|in200-out6|bs32|lr0.001|win30|feat2","LOCAL","btc_forecast/tunning_models_v3.py","user","FINISHED","32","BTCUSDT","","close,open","200","6","0.001","GRUStacked","50","2","30","564.7137076641784","94.11895127736307","1215.6448669254887","202.6074778209148","0.0014420349077315824","0.0014420349077315824","0.0016180014631406738","0.0016180014631406738","crypto-forecast","","",""
"2025-09-18 08:34:32","3.6min","94b8353bc389457586f0750dae1e13fd","GRUStacked|in100-out6|bs64|lr0.001|win30|feat2","LOCAL","btc_forecast/tunning_models_v3.py","user","FINISHED","64","BTCUSDT","","close,open","100","6","0.001","GRUStacked","50","2","30","572.1246644668508","95.35411074447514","1209.7523808400563","201.62539680667604","0.001421856011560414","0.001421856011560414","0.0016234123220713358","0.0016234123220713358","crypto-forecast","","",""
"2025-09-18 18:53:30","2.9min","9f9a582a1d03455a864340455eb1e6ed","SimpleFC|in100-out6|bs64|lr0.0005|win30|feat2","LOCAL","btc_forecast/tunning_models_v3.py","user","FINISHED","64","BTCUSDT","","close,high","100","6","0.0005","SimpleFC","50","2","30","592.2636056393674","98.71060093989456","1236.021081216981","206.0035135361635","0.0015031352670897126","0.0015031352670897126","0.0016239414449639457","0.0016239414449639457","crypto-forecast","","",""
"2025-09-18 13:45:51","3.0min","0270f6e03031448b8060a0f333450f98","GRUStacked|in200-out6|bs64|lr0.0005|win30|feat2","LOCAL","btc_forecast/tunning_models_v3.py","user","FINISHED","64","BTCUSDT","","close,open","200","6","0.0005","GRUStacked","50","2","30","559.1098989078356","93.18498315130593","1215.271026735321","202.54517112255348","0.001444015262982817","0.001444015262982817","0.0016246826066669458","0.0016246826066669458","crypto-forecast","","",""
"2025-09-18 23:45:55","7.6min","00670541ca9243a2a55c76a72392fb1e","TransformerTimeSeries|in200-out6|bs64|lr0.001|win30|feat2","LOCAL","btc_forecast/tunning_models_v3.py","user","FINISHED","64","BTCUSDT","","close,high","200","6","0.001","TransformerTimeSeries","50","2","30","609.592676481029","101.59877941350483","1238.2961258280436","206.38268763800727","0.001538131701900269","0.001538131701900269","0.0016305758768988736","0.0016305758768988736","crypto-forecast","","",""
"2025-09-18 07:46:47","2.0min","900a18b3258d42429f17bd8a66519e96","GRUStacked|in100-out6|bs32|lr0.001|win30|feat2","LOCAL","btc_forecast/tunning_models_v3.py","user","FINISHED","32","BTCUSDT","","close,open","100","6","0.001","GRUStacked","50","2","30","566.3712697955009","94.39521163258348","1216.001684673971","202.66694744566186","0.0014608678014745996","0.0014608678014745996","0.0016318790655975974","0.0016318790655975974","crypto-forecast","","",""
"2025-09-18 18:38:46","3.3min","0e0d83db707c4eab9d7abbb15b2e6b39","TransformerTimeSeries|in100-out6|bs64|lr0.001|win30|feat2","LOCAL","btc_forecast/tunning_models_v3.py","user","FINISHED","64","BTCUSDT","","close,high","100","6","0.001","TransformerTimeSeries","50","2","30","587.5939943892284","97.93233239820474","1248.5205075061451","208.0867512510242","0.0015169145022879836","0.0015169145022879836","0.0016335190642469872","0.0016335190642469872","crypto-forecast","","",""
"2025-09-18 23:19:45","5.4min","2541893914574dcfb99fd518dfcc5de5","TransformerTimeSeries|in200-out6|bs32|lr0.0005|win30|feat2","LOCAL","btc_forecast/tunning_models_v3.py","user","FINISHED","32","BTCUSDT","","close,high","200","6","0.0005","TransformerTimeSeries","50","2","30","621.3538012561579","103.55896687602632","1252.0415491425035","208.6735915237506","0.0015423916672150499","0.0015423916672150499","0.001634904381792444","0.001634904381792444","crypto-forecast","","",""
"2025-09-18 18:11:14","2.0min","304ae1db493a4fbfa462160bfedc3c60","ConvFC|in100-out6|bs32|lr0.0005|win30|feat2","LOCAL","btc_forecast/tunning_models_v3.py","user","FINISHED","32","BTCUSDT","","close,high","100","6","0.0005","ConvFC","50","2","30","617.3993398003886","102.89988996673144","1250.9955074031652","208.49925123386086","0.001475982848874313","0.001475982848874313","0.0016413174075333757","0.0016413174075333757","crypto-forecast","","",""
"2025-09-18 08:12:14","2.5min","8a70ccb4b9674340a2367dd4a17f9a52","GRUStacked|in100-out6|bs32|lr0.0005|win30|feat2","LOCAL","btc_forecast/tunning_models_v3.py","user","FINISHED","32","BTCUSDT","","close,open","100","6","0.0005","GRUStacked","50","2","30","582.9115378261858","97.15192297103097","1220.5799194812528","203.4299865802088","0.001453135064670919","0.001453135064670919","0.0016510276737451948","0.0016510276737451948","crypto-forecast","","",""
"2025-09-18 18:33:17","1.7min","bcd29fb5884148a0b371535abb96afd7","ConvFC|in100-out6|bs64|lr0.001|win30|feat2","LOCAL","btc_forecast/tunning_models_v3.py","user","FINISHED","64","BTCUSDT","","close,high","100","6","0.001","ConvFC","50","2","30","603.6743513945946","100.61239189909911","1249.2679734733872","208.2113289122312","0.001491234094485454","0.001491234094485454","0.0016570599660545066","0.0016570599660545066","crypto-forecast","","",""
"2025-09-18 17:54:20","6.5min","2dc03271cd9c436093e4fed0f9283308","TransformerTimeSeries|in100-out6|bs32|lr0.001|win30|feat2","LOCAL","btc_forecast/tunning_models_v3.py","user","FINISHED","32","BTCUSDT","","close,high","100","6","0.001","TransformerTimeSeries","50","2","30","595.3111010681887","99.21851684469812","1238.4205879162257","206.40343131937095","0.0015096342578672119","0.0015096342578672119","0.0016597180327741939","0.0016597180327741939","crypto-forecast","","",""
"2025-09-18 13:03:51","2.0min","888d334396084c4a82c946a0e851e69c","GRUStacked|in200-out6|bs32|lr0.0005|win30|feat2","LOCAL","btc_forecast/tunning_models_v3.py","user","FINISHED","32","BTCUSDT","","close,open","200","6","0.0005","GRUStacked","50","2","30","582.6131562797758","97.10219271329596","1230.9209470960186","205.15349118266977","0.0014678478320471896","0.0014678478320471896","0.0016662791565583493","0.0016662791565583493","crypto-forecast","","",""
"2025-09-18 17:47:11","2.5min","b4e737f5e9f948a580d57b148923ff44","ConvFC|in100-out6|bs32|lr0.001|win30|feat2","LOCAL","btc_forecast/tunning_models_v3.py","user","FINISHED","32","BTCUSDT","","close,high","100","6","0.001","ConvFC","50","2","30","586.0182992392757","97.66971653987929","1240.528273858138","206.75471230968967","0.0014319549034139147","0.0014319549034139147","0.0016750512599270479","0.0016750512599270479","crypto-forecast","","",""
"2025-09-18 08:29:41","2.0min","b3795c96025040bda089c902f1234a78","ConvFC|in100-out6|bs64|lr0.001|win30|feat2","LOCAL","btc_forecast/tunning_models_v3.py","user","FINISHED","64","BTCUSDT","","close,open","100","6","0.001","ConvFC","50","2","30","581.6498916134865","96.94164860224775","1231.4361729905122","205.23936216508537","0.0014800176224291238","0.0014800176224291238","0.0016789640744828624","0.0016789640744828624","crypto-forecast","","",""
"2025-09-18 18:35:02","1.6min","893fd1440ca1482bac539e0be70b087e","SimpleFC|in100-out6|bs64|lr0.001|win30|feat2","LOCAL","btc_forecast/tunning_models_v3.py","user","FINISHED","64","BTCUSDT","","close,high","100","6","0.001","SimpleFC","50","2","30","602.7379990383392","100.45633317305654","1257.581439601636","209.59690660027266","0.0016394127502849655","0.0016394127502849655","0.0016914101526735053","0.0016914101526735053","crypto-forecast","","",""
"2025-09-18 22:57:09","5.5min","e7e5244aac354701b04dd306cc05fe7f","TransformerTimeSeries|in200-out6|bs32|lr0.001|win30|feat2","LOCAL","btc_forecast/tunning_models_v3.py","user","FINISHED","32","BTCUSDT","","close,high","200","6","0.001","TransformerTimeSeries","50","2","30","611.7236413179817","101.95394021966361","1258.3480263842885","209.72467106404807","0.0015242535340418127","0.0015242535340418127","0.0016951092069987276","0.0016951092069987276","crypto-forecast","","",""
"2025-09-18 08:38:08","3.4min","a501e4e86d7c4294a152787a08213859","TransformerTimeSeries|in100-out6|bs64|lr0.001|win30|feat2","LOCAL","btc_forecast/tunning_models_v3.py","user","FINISHED","64","BTCUSDT","","close,open","100","6","0.001","TransformerTimeSeries","50","2","30","627.2471066900125","104.54118444833541","1256.280258970535","209.38004316175582","0.001539627718244167","0.001539627718244167","0.0017060106533021634","0.0017060106533021634","crypto-forecast","","",""
"2025-09-18 08:52:38","2.3min","57ba5cfe57054a34a41ea4afb2e628d3","SimpleFC|in100-out6|bs64|lr0.0005|win30|feat2","LOCAL","btc_forecast/tunning_models_v3.py","user","FINISHED","64","BTCUSDT","","close,open","100","6","0.0005","SimpleFC","50","2","30","593.0393545252186","98.83989242086977","1246.6382687939818","207.77304479899695","0.00155925768801549","0.00155925768801549","0.0017068514079901565","0.0017068514079901565","crypto-forecast","","",""
"2025-09-18 23:12:56","2.4min","02a223e8d5e741559e5cd913fec91616","ConvFC|in200-out6|bs32|lr0.0005|win30|feat2","LOCAL","btc_forecast/tunning_models_v3.py","user","FINISHED","32","BTCUSDT","","close,high","200","6","0.0005","ConvFC","50","2","30","617.4868561893996","102.91447603156661","1248.807757719884","208.13462628664732","0.0014283028383397572","0.0014283028383397572","0.0017092861409516893","0.0017092861409516893","crypto-forecast","","",""
"2025-09-18 12:58:58","2.7min","a56dbf0b1fd8485d95ba4ced6e94eb26","ConvFC|in200-out6|bs32|lr0.0005|win30|feat2","LOCAL","btc_forecast/tunning_models_v3.py","user","FINISHED","32","BTCUSDT","","close,open","200","6","0.0005","ConvFC","50","2","30","591.4096983626408","98.56828306044014","1239.3757095554838","206.5626182592473","0.001461305854181686","0.001461305854181686","0.0017093883926572035","0.0017093883926572035","crypto-forecast","","",""
"2025-09-18 13:19:11","2.7min","ad5f0e944a444a6bb9cd83db2fea5212","ConvFC|in200-out6|bs64|lr0.001|win30|feat2","LOCAL","btc_forecast/tunning_models_v3.py","user","FINISHED","64","BTCUSDT","","close,open","200","6","0.001","ConvFC","50","2","30","592.8221962004219","98.80369936673698","1240.8434353374785","206.80723922291307","0.0014819207188831527","0.0014819207188831527","0.0017105765976701203","0.0017105765976701203","crypto-forecast","","",""
"2025-09-18 08:14:47","3.5min","e70c5c8a2fe54a1cb19e5615c0df8dfa","TransformerTimeSeries|in100-out6|bs32|lr0.0005|win30|feat2","LOCAL","btc_forecast/tunning_models_v3.py","user","FINISHED","32","BTCUSDT","","close,open","100","6","0.0005","TransformerTimeSeries","50","2","30","614.6971295425194","102.4495215904199","1242.3022616522032","207.05037694203386","0.0015610260982154224","0.0015610260982154224","0.0017155118110229188","0.0017155118110229188","crypto-forecast","","",""
"2025-09-18 18:51:49","1.7min","00c25d700fc5499cab7b70fbcf8061b2","ConvFC|in100-out6|bs64|lr0.0005|win30|feat2","LOCAL","btc_forecast/tunning_models_v3.py","user","FINISHED","64","BTCUSDT","","close,high","100","6","0.0005","ConvFC","50","2","30","656.1179635499678","109.35299392499464","1280.2227616230446","213.37046027050744","0.0015207360698142062","0.0015207360698142062","0.0017157971320768306","0.0017157971320768306","crypto-forecast","","",""
"2025-09-18 08:31:40","2.8min","ad6bc896c7ce415b93900b6ece591585","SimpleFC|in100-out6|bs64|lr0.001|win30|feat2","LOCAL","btc_forecast/tunning_models_v3.py","user","FINISHED","64","BTCUSDT","","close,open","100","6","0.001","SimpleFC","50","2","30","604.4507336163684","100.74178893606141","1250.9779249451108","208.49632082418512","0.001544736662011821","0.001544736662011821","0.0017158699471892672","0.0017158699471892672","crypto-forecast","","",""
"2025-09-18 07:42:17","2.3min","cb0ec05baf9147548aa4d25383dbba5d","ConvFC|in100-out6|bs32|lr0.001|win30|feat2","LOCAL","btc_forecast/tunning_models_v3.py","user","FINISHED","32","BTCUSDT","","close,open","100","6","0.001","ConvFC","50","2","30","595.031643733866","99.171940622311","1251.662735223013","208.61045587050216","0.0014586486926099346","0.0014586486926099346","0.0017203555175185918","0.0017203555175185918","crypto-forecast","","",""
"2025-09-18 23:16:55","2.8min","a24e4343a0344e5b8c923b855dc94901","GRUStacked|in200-out6|bs32|lr0.0005|win30|feat2","LOCAL","btc_forecast/tunning_models_v3.py","user","FINISHED","32","BTCUSDT","","close,high","200","6","0.0005","GRUStacked","50","2","30","634.2524454530993","105.70874090884989","1271.7110232133475","211.9518372022246","0.001442192974337825","0.001442192974337825","0.0017251465114298359","0.0017251465114298359","crypto-forecast","","",""
"2025-09-18 07:44:36","2.2min","214bf28b6de149c387bcbb201ebace3a","SimpleFC|in100-out6|bs32|lr0.001|win30|feat2","LOCAL","btc_forecast/tunning_models_v3.py","user","FINISHED","32","BTCUSDT","","close,open","100","6","0.001","SimpleFC","50","2","30","614.0052697693493","102.33421162822488","1254.0937290601516","209.01562151002528","0.0016078629869073744","0.0016078629869073744","0.0017346367328528963","0.0017346367328528963","crypto-forecast","","",""
"2025-09-18 08:51:09","1.5min","6f99d97e560c41f490bb92d21f44daf0","ConvFC|in100-out6|bs64|lr0.0005|win30|feat2","LOCAL","btc_forecast/tunning_models_v3.py","user","FINISHED","64","BTCUSDT","","close,open","100","6","0.0005","ConvFC","50","2","30","625.2806764800985","104.21344608001641","1254.1794590099487","209.02990983499146","0.0015340522496957224","0.0015340522496957224","0.0017348479320394136","0.0017348479320394136","crypto-forecast","","",""
"2025-09-18 08:08:00","1.8min","059e54000cdf4dc0b34a6d324a8486fa","ConvFC|in100-out6|bs32|lr0.0005|win30|feat2","LOCAL","btc_forecast/tunning_models_v3.py","user","FINISHED","32","BTCUSDT","","close,open","100","6","0.0005","ConvFC","50","2","30","622.3670019317259","103.72783365528765","1258.9354481651649","209.82257469419415","0.0015285849102213212","0.0015285849102213212","0.0017352409505876959","0.0017352409505876959","crypto-forecast","","",""
"2025-09-18 23:10:29","2.4min","b49d5cc1899540c3b488c80ca1cf7565","TransformerTimeSeries|in200-out6|bs32|lr0.001|win15|feat2","LOCAL","btc_forecast/tunning_models_v3.py","user","FINISHED","32","BTCUSDT","","close,high","200","6","0.001","TransformerTimeSeries","50","2","15","927.9097970827571","154.6516328471262","1527.197991620163","254.5329986033605","0.0013076853530547066","0.0013076853530547066","0.0017403096798750733","0.0017403096798750733","crypto-forecast","","",""
"2025-09-18 21:58:40","4.0min","49b755be50144428a644dc33c1525aca","GRUStacked|in100-out24|bs64|lr0.001|win30|feat2","LOCAL","btc_forecast/tunning_models_v3.py","user","FINISHED","64","BTCUSDT","","close,high","100","24","0.001","GRUStacked","50","2","30","1565.5132965538098","65.22972068974208","3126.825010744948","130.28437544770617","0.0014378063214479067","0.0014378063214479067","0.0017486126560004706","0.0017486126560004706","crypto-forecast","","",""
"2025-09-18 23:38:05","1.5min","6c92be0c981f4f3a9d1d2e42dd63f1b2","ConvFC|in200-out6|bs64|lr0.001|win30|feat2","LOCAL","btc_forecast/tunning_models_v3.py","user","FINISHED","64","BTCUSDT","","close,high","200","6","0.001","ConvFC","50","2","30","652.5334186319886","108.75556977199811","1300.0462707371107","216.6743784561851","0.0015144001285320064","0.0015144001285320064","0.001750932267790172","0.001750932267790172","crypto-forecast","","",""
"2025-09-18 07:48:46","4.4min","a512df68a68d49238fbec2a88937bb56","TransformerTimeSeries|in100-out6|bs32|lr0.001|win30|feat2","LOCAL","btc_forecast/tunning_models_v3.py","user","FINISHED","32","BTCUSDT","","close,open","100","6","0.001","TransformerTimeSeries","50","2","30","587.4258139826851","97.90430233044752","1261.940447472126","210.323407912021","0.0015289279893486198","0.0015289279893486198","0.0017602598420591747","0.0017602598420591747","crypto-forecast","","",""
"2025-09-18 22:49:52","2.2min","4be40573938b4f27ac131dd7f246df27","ConvFC|in200-out6|bs32|lr0.001|win30|feat2","LOCAL","btc_forecast/tunning_models_v3.py","user","FINISHED","32","BTCUSDT","","close,high","200","6","0.001","ConvFC","50","2","30","607.6331318321152","101.27218863868586","1261.7547062238634","210.29245103731057","0.0013936499740482926","0.0013936499740482926","0.001766618377817432","0.001766618377817432","crypto-forecast","","",""
"2025-09-18 12:39:45","1.6min","1d93991d12784da187b12178e26f579a","ConvFC|in200-out6|bs32|lr0.001|win30|feat2","LOCAL","btc_forecast/tunning_models_v3.py","user","FINISHED","32","BTCUSDT","","close,open","200","6","0.001","ConvFC","50","2","30","623.3473460572344","103.8912243428724","1262.0227769777468","210.33712949629114","0.00147396298624595","0.00147396298624595","0.0017706588402230728","0.0017706588402230728","crypto-forecast","","",""
"2025-09-18 08:09:46","2.5min","1e5544a4699b4e40bfd84a5e598bbf38","SimpleFC|in100-out6|bs32|lr0.0005|win30|feat2","LOCAL","btc_forecast/tunning_models_v3.py","user","FINISHED","32","BTCUSDT","","close,open","100","6","0.0005","SimpleFC","50","2","30","624.4815294998799","104.08025491664665","1273.8874494158817","212.31457490264697","0.0015643828765112928","0.0015643828765112928","0.0017711298766351644","0.0017711298766351644","crypto-forecast","","",""
"2025-09-18 13:48:56","4.0min","5a162bb1ec124074a1fa47a3d4069838","TransformerTimeSeries|in200-out6|bs64|lr0.0005|win30|feat2","LOCAL","btc_forecast/tunning_models_v3.py","user","FINISHED","64","BTCUSDT","","close,open","200","6","0.0005","TransformerTimeSeries","50","2","30","613.212333911659","102.20205565194317","1265.6010215879544","210.9335035979924","0.0016207781727131112","0.0016207781727131112","0.0017712788101968365","0.0017712788101968365","crypto-forecast","","",""
"2025-09-18 17:49:43","1.5min","e52ec6bbd5ea4e338e8ab046e5d98500","SimpleFC|in100-out6|bs32|lr0.001|win30|feat2","LOCAL","btc_forecast/tunning_models_v3.py","user","FINISHED","32","BTCUSDT","","close,high","100","6","0.001","SimpleFC","50","2","30","652.904469344724","108.81741155745401","1285.2665771467243","214.21109619112073","0.0016374902741477949","0.0016374902741477949","0.001772374967377462","0.001772374967377462","crypto-forecast","","",""
"2025-09-18 13:05:53","3.8min","00a3873cf8524fa58bb32ad71dc0e704","TransformerTimeSeries|in200-out6|bs32|lr0.0005|win30|feat2","LOCAL","btc_forecast/tunning_models_v3.py","user","FINISHED","32","BTCUSDT","","close,open","200","6","0.0005","TransformerTimeSeries","50","2","30","628.8947525787842","104.81579209646402","1286.8999732549635","214.48332887582725","0.0015837902223438817","0.0015837902223438817","0.001774103774809802","0.001774103774809802","crypto-forecast","","",""
"2025-09-18 08:58:28","1.7min","6a4aed0df42143c8bc0e9638beeeaba8","TransformerTimeSeries|in100-out6|bs64|lr0.0005|win30|feat2","LOCAL","btc_forecast/tunning_models_v3.py","user","FINISHED","64","BTCUSDT","","close,open","100","6","0.0005","TransformerTimeSeries","50","2","30","608.3567876365437","101.39279793942394","1265.1378931969004","210.85631553281675","0.0016678548907041574","0.0016678548907041574","0.0017882149093188255","0.0017882149093188255","crypto-forecast","","",""
"2025-09-18 11:20:02","4.7min","e3eadaa7921e4fa1aa8a997c3eedf0a8","GRUStacked|in100-out24|bs32|lr0.0005|win30|feat2","LOCAL","btc_forecast/tunning_models_v3.py","user","FINISHED","32","BTCUSDT","","close,open","100","24","0.0005","GRUStacked","50","2","30","1558.0016621277982","64.91673592199159","3097.0593584576736","129.0441399357364","0.0014568796584222212","0.0014568796584222212","0.0017921114246047987","0.0017921114246047987","crypto-forecast","","",""
"2025-09-18 09:53:00","4.4min","0329fced5d154e8cbcc22ed737d17c53","GRUStacked|in100-out12|bs32|lr0.0005|win15|feat2","LOCAL","btc_forecast/tunning_models_v3.py","user","FINISHED","32","BTCUSDT","","close,open","100","12","0.0005","GRUStacked","50","2","15","936.5470538044267","78.04558781703555","1901.9422126233248","158.49518438527707","0.0015144057086514727","0.0015144057086514727","0.0017967918043055489","0.0017967918043055489","crypto-forecast","","",""
"2025-09-18 19:42:44","3.7min","0879c9092e494e089501a2d278106778","GRUStacked|in100-out12|bs32|lr0.0005|win30|feat2","LOCAL","btc_forecast/tunning_models_v3.py","user","FINISHED","32","BTCUSDT","","close,high","100","12","0.0005","GRUStacked","50","2","30","932.4156012157284","77.70130010131071","2032.3447355866215","169.36206129888512","0.0016084379761557457","0.0016084379761557457","0.0017972647810585692","0.0017972647810585692","crypto-forecast","","",""
"2025-09-18 09:40:03","4.6min","f65264bc46664aa68cda14f95f5119e1","GRUStacked|in100-out12|bs32|lr0.0005|win30|feat2","LOCAL","btc_forecast/tunning_models_v3.py","user","FINISHED","32","BTCUSDT","","close,open","100","12","0.0005","GRUStacked","50","2","30","935.5920123149425","77.96600102624521","2047.6213998178848","170.6351166514904","0.0015338179982166964","0.0015338179982166964","0.0018041255729355072","0.0018041255729355072","crypto-forecast","","",""
"2025-09-18 11:55:31","3.7min","e5e25886d71b4a5494f05d15ee244575","GRUStacked|in100-out24|bs64|lr0.001|win30|feat2","LOCAL","btc_forecast/tunning_models_v3.py","user","FINISHED","64","BTCUSDT","","close,open","100","24","0.001","GRUStacked","50","2","30","1570.0223036692378","65.41759598621825","3139.2212932680472","130.80088721950196","0.0014616721416714975","0.0014616721416714975","0.0018085548109732059","0.0018085548109732059","crypto-forecast","","",""
"2025-09-18 20:31:51","3.5min","7fee2189998a4ead82f1b8d961b08ee8","GRUStacked|in100-out12|bs64|lr0.0005|win30|feat2","LOCAL","btc_forecast/tunning_models_v3.py","user","FINISHED","64","BTCUSDT","","close,high","100","12","0.0005","GRUStacked","50","2","30","966.309048641891","80.52575405349091","2049.8685455419145","170.82237879515955","0.0016084908869386419","0.0016084908869386419","0.00181688408257388","0.00181688408257388","crypto-forecast","","",""
"2025-09-18 19:18:38","2.7min","5a5563be46784704963f5fb87b9b699c","GRUStacked|in100-out12|bs32|lr0.001|win30|feat2","LOCAL","btc_forecast/tunning_models_v3.py","user","FINISHED","32","BTCUSDT","","close,high","100","12","0.001","GRUStacked","50","2","30","958.1596056405965","79.84663380338304","2047.2165323416511","170.6013776951376","0.001616351062621456","0.001616351062621456","0.0018173484040305001","0.0018173484040305001","crypto-forecast","","",""
"2025-09-18 12:46:56","2.2min","03012c763f3e4ac7a74fa3fdda44ca01","TransformerTimeSeries|in200-out6|bs32|lr0.001|win30|feat2","LOCAL","btc_forecast/tunning_models_v3.py","user","FINISHED","32","BTCUSDT","","close,open","200","6","0.001","TransformerTimeSeries","50","2","30","600.4202964513795","100.07004940856325","1280.32146382066","213.38691063677666","0.0016756112669435094","0.0016756112669435094","0.0018192038943151516","0.0018192038943151516","crypto-forecast","","",""
"2025-09-18 20:44:03","4.3min","755310dc707a45229b46109336411d15","GRUStacked|in100-out12|bs64|lr0.0005|win15|feat2","LOCAL","btc_forecast/tunning_models_v3.py","user","FINISHED","64","BTCUSDT","","close,high","100","12","0.0005","GRUStacked","50","2","15","941.7516634070807","78.4793052839234","1887.3238203272165","157.27698502726804","0.0016160403969646554","0.0016160403969646554","0.0018256825770606884","0.0018256825770606884","crypto-forecast","","",""
"2025-09-18 14:35:53","2.6min","3e7db2cbda0a4547830b65ed3f58a981","GRUStacked|in200-out12|bs32|lr0.0005|win30|feat2","LOCAL","btc_forecast/tunning_models_v3.py","user","FINISHED","32","BTCUSDT","","close,open","200","12","0.0005","GRUStacked","50","2","30","946.0904548003103","78.8408712333592","2063.4223240238753","171.95186033532295","0.0015984286535422393","0.0015984286535422393","0.0018260396159182637","0.0018260396159182637","crypto-forecast","","",""
"2025-09-18 18:13:12","2.4min","62d6abbdc98749a0847c8566c03e6c3a","SimpleFC|in100-out6|bs32|lr0.0005|win30|feat2","LOCAL","btc_forecast/tunning_models_v3.py","user","FINISHED","32","BTCUSDT","","close,high","100","6","0.0005","SimpleFC","50","2","30","750.6380688880671","125.10634481467785","1343.2127228812535","223.86878714687558","0.0015602935772195627","0.0015602935772195627","0.0018275190905905733","0.0018275190905905733","crypto-forecast","","",""
"2025-09-18 14:46:41","4.4min","98c28ff0c2d948fe870117b71206b8e9","GRUStacked|in200-out12|bs32|lr0.0005|win15|feat2","LOCAL","btc_forecast/tunning_models_v3.py","user","FINISHED","32","BTCUSDT","","close,open","200","12","0.0005","GRUStacked","50","2","15","950.4152644604006","79.20127203836672","1888.7535200182685","157.39612666818905","0.0015205091240079536","0.0015205091240079536","0.001828255685840262","0.001828255685840262","crypto-forecast","","",""
"2025-09-18 20:12:05","2.7min","e4cc66981b9e4b3198e6e2bfefd5d84e","GRUStacked|in100-out12|bs64|lr0.001|win30|feat2","LOCAL","btc_forecast/tunning_models_v3.py","user","FINISHED","64","BTCUSDT","","close,high","100","12","0.001","GRUStacked","50","2","30","970.3487007141823","80.86239172618185","2086.132882027273","173.84440683560607","0.0016160257727090418","0.0016160257727090418","0.0018289839912988784","0.0018289839912988784","crypto-forecast","","",""
"2025-09-18 15:12:19","3.5min","10722ad60c334970b9f55487190f0cce","GRUStacked|in200-out12|bs64|lr0.001|win15|feat2","LOCAL","btc_forecast/tunning_models_v3.py","user","FINISHED","64","BTCUSDT","","close,open","200","12","0.001","GRUStacked","50","2","15","951.9081487890783","79.32567906575652","1913.364765722304","159.447063810192","0.0015057624689850347","0.0015057624689850347","0.001830987042568859","0.001830987042568859","crypto-forecast","","",""
"2025-09-18 10:23:47","2.5min","ac9887b966d043f9aed8953cbee12030","GRUStacked|in100-out12|bs64|lr0.0005|win30|feat2","LOCAL","btc_forecast/tunning_models_v3.py","user","FINISHED","64","BTCUSDT","","close,open","100","12","0.0005","GRUStacked","50","2","30","938.301392448184","78.19178270401532","2047.5952879194638","170.63294065995532","0.001591286988919652","0.001591286988919652","0.0018326081454350077","0.0018326081454350077","crypto-forecast","","",""
"2025-09-18 19:56:29","4.2min","ebf05fc837f34e86938e9fdc9cf53030","GRUStacked|in100-out12|bs32|lr0.0005|win15|feat2","LOCAL","btc_forecast/tunning_models_v3.py","user","FINISHED","32","BTCUSDT","","close,high","100","12","0.0005","GRUStacked","50","2","15","952.0163997381833","79.33469997818194","1902.356174452167","158.52968120434724","0.0016199253370237391","0.0016199253370237391","0.0018337611962800985","0.0018337611962800985","crypto-forecast","","",""
"2025-09-18 16:19:40","4.8min","f3af9a0286b04296aaa84e0485fd6a96","GRUStacked|in200-out24|bs32|lr0.0005|win30|feat2","LOCAL","btc_forecast/tunning_models_v3.py","user","FINISHED","32","BTCUSDT","","close,open","200","24","0.0005","GRUStacked","50","2","30","1592.4841717870258","66.35350715779275","3176.0868753238087","132.33695313849202","0.0014698639434064609","0.0014698639434064609","0.0018394472517463047","0.0018394472517463047","crypto-forecast","","",""
"2025-09-18 10:13:20","3.0min","d9418a59728f4502ac146cecc0698411","GRUStacked|in100-out12|bs64|lr0.001|win15|feat2","LOCAL","btc_forecast/tunning_models_v3.py","user","FINISHED","64","BTCUSDT","","close,open","100","12","0.001","GRUStacked","50","2","15","963.8246670466922","80.31872225389101","1912.144747615926","159.3453956346605","0.0015295932052812866","0.0015295932052812866","0.0018397797373458653","0.0018397797373458653","crypto-forecast","","",""
"2025-09-18 09:17:21","3.3min","4c4d1acfdc674581b9aebae3afd60126","GRUStacked|in100-out12|bs32|lr0.001|win30|feat2","LOCAL","btc_forecast/tunning_models_v3.py","user","FINISHED","32","BTCUSDT","","close,open","100","12","0.001","GRUStacked","50","2","30","964.4022254596758","80.36685212163965","2072.7521889354807","172.72934907795673","0.0015654458863150608","0.0015654458863150608","0.0018411714529751064","0.0018411714529751064","crypto-forecast","","",""
"2025-09-18 09:28:45","3.0min","fa730401315544169149880818ade3cd","GRUStacked|in100-out12|bs32|lr0.001|win15|feat2","LOCAL","btc_forecast/tunning_models_v3.py","user","FINISHED","32","BTCUSDT","","close,open","100","12","0.001","GRUStacked","50","2","15","968.238514403795","80.68654286698292","1926.7200178466624","160.56000148722185","0.0015483591177180443","0.0015483591177180443","0.0018415649132302553","0.0018415649132302553","crypto-forecast","","",""
"2025-09-18 14:21:55","4.1min","9ccebaecb91e4a46b8f4ff24f3e688de","GRUStacked|in200-out12|bs32|lr0.001|win15|feat2","LOCAL","btc_forecast/tunning_models_v3.py","user","FINISHED","32","BTCUSDT","","close,open","200","12","0.001","GRUStacked","50","2","15","993.3466792750985","82.77888993959154","1947.0248441891167","162.25207034909306","0.0015074871524100664","0.0015074871524100664","0.0018417853359988417","0.0018417853359988417","crypto-forecast","","",""
"2025-09-18 02:09:04","4.1min","0c20554a53f74aa788105df33cb60848","GRUStacked|in100-out24|bs64|lr0.0005|win30|feat1","LOCAL","btc_forecast/tunning_models_v3.py","user","FINISHED","64","BTCUSDT","","close","100","24","0.0005","GRUStacked","50","1","30","1601.5414984155452","66.73089576731438","3140.2245631693863","130.84269013205775","0.0015423713713936733","0.0015423713713936733","0.0018423218587635575","0.0018423218587635575","crypto-forecast","","",""
"2025-09-18 20:09:44","2.3min","5447e1d5fffe484ba2937e38c27a740f","SimpleFC|in100-out12|bs64|lr0.001|win30|feat2","LOCAL","btc_forecast/tunning_models_v3.py","user","FINISHED","64","BTCUSDT","","close,high","100","12","0.001","SimpleFC","50","2","30","990.187200257334","82.5156000214445","2103.565194732546","175.29709956104548","0.001739429627671015","0.001739429627671015","0.0018435698312595891","0.0018435698312595891","crypto-forecast","","",""
"2025-09-18 10:35:45","3.8min","374ec09ca26f42e3abf6be6d5e25406c","GRUStacked|in100-out12|bs64|lr0.0005|win15|feat2","LOCAL","btc_forecast/tunning_models_v3.py","user","FINISHED","64","BTCUSDT","","close,open","100","12","0.0005","GRUStacked","50","2","15","941.1350751699024","78.4279229308252","1898.6713760513255","158.22261467094378","0.0015375613035242596","0.0015375613035242596","0.00184440738389354","0.00184440738389354","crypto-forecast","","",""
"2025-09-18 13:01:42","2.1min","5f9a56b451b74e06a6c295a1dc670644","SimpleFC|in200-out6|bs32|lr0.0005|win30|feat2","LOCAL","btc_forecast/tunning_models_v3.py","user","FINISHED","32","BTCUSDT","","close,open","200","6","0.0005","SimpleFC","50","2","30","654.5044976313083","109.08408293855138","1314.1975958316505","219.0329326386084","0.0016566544036072533","0.0016566544036072533","0.001845125091006388","0.001845125091006388","crypto-forecast","","",""
"2025-09-18 14:09:29","3.5min","c8a98ede0d4a45c892b49264f7547501","GRUStacked|in200-out12|bs32|lr0.001|win30|feat2","LOCAL","btc_forecast/tunning_models_v3.py","user","FINISHED","32","BTCUSDT","","close,open","200","12","0.001","GRUStacked","50","2","30","965.1677145139814","80.43064287616512","2073.1244635120524","172.7603719593377","0.0015564877942702963","0.0015564877942702963","0.0018476952327125867","0.0018476952327125867","crypto-forecast","","",""
"2025-09-18 13:40:51","2.4min","a5822017502c457eaa17b0244ff72091","ConvFC|in200-out6|bs64|lr0.0005|win30|feat2","LOCAL","btc_forecast/tunning_models_v3.py","user","FINISHED","64","BTCUSDT","","close,open","200","6","0.0005","ConvFC","50","2","30","675.4078338643129","112.56797231071882","1290.247572184966","215.04126203082765","0.0015211546403820918","0.0015211546403820918","0.0018483137528782765","0.0018483137528782765","crypto-forecast","","",""
"2025-09-18 16:54:49","4.4min","1630e52e19d741a3a28341110e48f2cc","GRUStacked|in200-out24|bs64|lr0.001|win30|feat2","LOCAL","btc_forecast/tunning_models_v3.py","user","FINISHED","64","BTCUSDT","","close,open","200","24","0.001","GRUStacked","50","2","30","1593.1810561610087","66.3825440067087","3146.2929776823325","131.09554073676387","0.0014538093870524907","0.0014538093870524907","0.001848896640544764","0.001848896640544764","crypto-forecast","","",""
"2025-09-18 15:24:03","2.1min","f884bf88d8914e33adab5108f384accd","GRUStacked|in200-out12|bs64|lr0.0005|win30|feat2","LOCAL","btc_forecast/tunning_models_v3.py","user","FINISHED","64","BTCUSDT","","close,open","200","12","0.0005","GRUStacked","50","2","30","971.6327160227954","80.96939300189962","2081.7459712323393","173.4788309360283","0.0016235625803690953","0.0016235625803690953","0.0018490266230904487","0.0018490266230904487","crypto-forecast","","",""
"2025-09-18 10:50:09","3.6min","bd4d7c1f5a414a1b9c969069942ca502","GRUStacked|in100-out24|bs32|lr0.001|win30|feat2","LOCAL","btc_forecast/tunning_models_v3.py","user","FINISHED","32","BTCUSDT","","close,open","100","24","0.001","GRUStacked","50","2","30","1583.9937161436385","65.9997381726516","3112.0615617064364","129.66923173776817","0.0014684760584540706","0.0014684760584540706","0.0018495254738422663","0.0018495254738422663","crypto-forecast","","",""
"2025-09-18 19:40:01","2.7min","99b293da294440fba9a6d03ffc0a0c79","SimpleFC|in100-out12|bs32|lr0.0005|win30|feat2","LOCAL","btc_forecast/tunning_models_v3.py","user","FINISHED","32","BTCUSDT","","close,high","100","12","0.0005","SimpleFC","50","2","30","991.3739660304864","82.6144971692072","2112.2711814995387","176.02259845829488","0.0017044270765812978","0.0017044270765812978","0.0018518424251891227","0.0018518424251891227","crypto-forecast","","",""
"2025-09-18 01:43:11","4.2min","75edaa74ae9546328d8c40bc3c1e2d06","GRUStacked|in100-out24|bs64|lr0.001|win30|feat1","LOCAL","btc_forecast/tunning_models_v3.py","user","FINISHED","64","BTCUSDT","","close","100","24","0.001","GRUStacked","50","1","30","1582.9300189866885","65.9554174577787","3204.607627753463","133.52531782306096","0.0014342584334481865","0.0014342584334481865","0.001852066895441132","0.001852066895441132","crypto-forecast","","",""
"2025-09-18 15:37:35","3.6min","e883a0a450e1496e8fbe0fc8041a877f","GRUStacked|in200-out12|bs64|lr0.0005|win15|feat2","LOCAL","btc_forecast/tunning_models_v3.py","user","FINISHED","64","BTCUSDT","","close,open","200","12","0.0005","GRUStacked","50","2","15","940.5201008141014","78.37667506784179","1893.6274324943413","157.80228604119512","0.0015632521950875496","0.0015632521950875496","0.0018540812001871035","0.0018540812001871035","crypto-forecast","","",""
"2025-09-18 13:21:52","2.7min","3c96143035ec4e4d8cc6793ce0a18593","SimpleFC|in200-out6|bs64|lr0.001|win30|feat2","LOCAL","btc_forecast/tunning_models_v3.py","user","FINISHED","64","BTCUSDT","","close,open","200","6","0.001","SimpleFC","50","2","30","670.4290438565125","111.73817397608542","1307.998195737062","217.99969928951032","0.0016309065194070299","0.0016309065194070299","0.0018553920841812002","0.0018553920841812002","crypto-forecast","","",""
"2025-09-18 09:37:31","2.5min","845376d58f73420295d17628a363257d","SimpleFC|in100-out12|bs32|lr0.0005|win30|feat2","LOCAL","btc_forecast/tunning_models_v3.py","user","FINISHED","32","BTCUSDT","","close,open","100","12","0.0005","SimpleFC","50","2","30","989.6936654709317","82.47447212257764","2117.6098609612895","176.4674884134408","0.0016527646381820902","0.0016527646381820902","0.0018554325251195272","0.0018554325251195272","crypto-forecast","","",""
"2025-09-18 13:43:14","2.6min","3cfffbca44f948c8b1513d5a29b35d4a","SimpleFC|in200-out6|bs64|lr0.0005|win30|feat2","LOCAL","btc_forecast/tunning_models_v3.py","user","FINISHED","64","BTCUSDT","","close,open","200","6","0.0005","SimpleFC","50","2","30","661.5818645693342","110.26364409488905","1308.2026130223373","218.03376883705621","0.001638523559822628","0.001638523559822628","0.0018575180541482094","0.0018575180541482094","crypto-forecast","","",""
"2025-09-18 09:35:09","2.4min","e41193f5c3df406cb921db23046b8172","ConvFC|in100-out12|bs32|lr0.0005|win30|feat2","LOCAL","btc_forecast/tunning_models_v3.py","user","FINISHED","32","BTCUSDT","","close,open","100","12","0.0005","ConvFC","50","2","30","1001.9713198309399","83.49760998591167","2110.1313064603532","175.84427553836278","0.0016399031994300565","0.0016399031994300565","0.0018583434557776723","0.0018583434557776723","crypto-forecast","","",""
"2025-09-18 22:31:22","4.4min","6bf9df34d82b434e906e8124d6f739a6","TransformerTimeSeries|in100-out24|bs64|lr0.0005|win30|feat2","LOCAL","btc_forecast/tunning_models_v3.py","user","FINISHED","64","BTCUSDT","","close,high","100","24","0.0005","TransformerTimeSeries","50","2","30","1640.6233664680399","68.35930693616832","3213.149981115353","133.8812492131397","0.0016287793370221826","0.0016287793370221826","0.0018584393460448641","0.0018584393460448641","crypto-forecast","","",""
"2025-09-18 14:59:14","3.2min","1680e36393024875b1e63c4d2851d782","GRUStacked|in200-out12|bs64|lr0.001|win30|feat2","LOCAL","btc_forecast/tunning_models_v3.py","user","FINISHED","64","BTCUSDT","","close,open","200","12","0.001","GRUStacked","50","2","30","956.6128132986291","79.71773444155242","2067.7194765021663","172.30995637518052","0.0015672016590212354","0.0015672016590212354","0.0018586855661745626","0.0018586855661745626","crypto-forecast","","",""
"2025-09-18 22:28:07","3.2min","2c68315c7c364fd1bb2fe25a140b1378","GRUStacked|in100-out24|bs64|lr0.0005|win30|feat2","LOCAL","btc_forecast/tunning_models_v3.py","user","FINISHED","64","BTCUSDT","","close,high","100","24","0.0005","GRUStacked","50","2","30","1588.2230134397066","66.17595889332111","3165.8287626741467","131.90953177808944","0.0015589329284719294","0.0015589329284719294","0.0018606514046120499","0.0018606514046120499","crypto-forecast","","",""
"2025-09-18 10:26:20","4.9min","591ef6ab0e6245ec963d1571d6cdc862","TransformerTimeSeries|in100-out12|bs64|lr0.0005|win30|feat2","LOCAL","btc_forecast/tunning_models_v3.py","user","FINISHED","64","BTCUSDT","","close,open","100","12","0.0005","TransformerTimeSeries","50","2","30","996.3685994155475","83.03071661796228","2115.229209947539","176.26910082896157","0.0016585728516885232","0.0016585728516885232","0.00186309340340479","0.00186309340340479","crypto-forecast","","",""
"2025-09-18 20:29:40","2.2min","0fc0c2516ddb4b3a86d2a15b7c0c4542","SimpleFC|in100-out12|bs64|lr0.0005|win30|feat2","LOCAL","btc_forecast/tunning_models_v3.py","user","FINISHED","64","BTCUSDT","","close,high","100","12","0.0005","SimpleFC","50","2","30","1026.40794321742","85.53399526811835","2144.0308855754665","178.66924046462222","0.001715127622870925","0.001715127622870925","0.0018657247915077764","0.0018657247915077764","crypto-forecast","","",""
"2025-09-18 01:10:37","4.0min","108f62c8d2794dc5ab94ec4f6339070a","GRUStacked|in100-out24|bs32|lr0.0005|win30|feat1","LOCAL","btc_forecast/tunning_models_v3.py","user","FINISHED","32","BTCUSDT","","close","100","24","0.0005","GRUStacked","50","1","30","1571.099680983329","65.46248670763872","3110.7493935292573","129.61455806371904","0.0015331267250943725","0.0015331267250943725","0.0018673483247178097","0.0018673483247178097","crypto-forecast","","",""
"2025-09-18 09:13:00","2.6min","5efacabba3904433bdd77eaea33e0e12","ConvFC|in100-out12|bs32|lr0.001|win30|feat2","LOCAL","btc_forecast/tunning_models_v3.py","user","FINISHED","32","BTCUSDT","","close,open","100","12","0.001","ConvFC","50","2","30","997.1350164210929","83.09458470175774","2141.741029412799","178.47841911773324","0.0016434037496900543","0.0016434037496900543","0.0018675863774427817","0.0018675863774427817","crypto-forecast","","",""
"2025-09-18 19:37:53","2.1min","70fc5664060b4537b1c18fea19065c29","ConvFC|in100-out12|bs32|lr0.0005|win30|feat2","LOCAL","btc_forecast/tunning_models_v3.py","user","FINISHED","32","BTCUSDT","","close,high","100","12","0.0005","ConvFC","50","2","30","983.9399687551593","81.99499739626327","2089.7100960512084","174.14250800426737","0.0016920234617366799","0.0016920234617366799","0.0018678323559175923","0.0018678323559175923","crypto-forecast","","",""
"2025-09-18 19:30:23","3.4min","ed0bd98420ad4c038534521d067c2f78","GRUStacked|in100-out12|bs32|lr0.001|win15|feat2","LOCAL","btc_forecast/tunning_models_v3.py","user","FINISHED","32","BTCUSDT","","close,high","100","12","0.001","GRUStacked","50","2","15","962.3522588431978","80.19602157026648","1921.2331425953234","160.1027618829436","0.001595151204915573","0.001595151204915573","0.0018693139497640628","0.0018693139497640628","crypto-forecast","","",""
"2025-09-18 12:19:44","3.4min","76c2420a9fea492c95d90adadfaa84dd","GRUStacked|in100-out24|bs64|lr0.0005|win30|feat2","LOCAL","btc_forecast/tunning_models_v3.py","user","FINISHED","64","BTCUSDT","","close,open","100","24","0.0005","GRUStacked","50","2","30","1611.3499171618005","67.13957988174168","3149.341020544667","131.22254252269445","0.0015519440937589277","0.0015519440937589277","0.0018709040955026805","0.0018709040955026805","crypto-forecast","","",""
"2025-09-18 17:23:23","3.7min","926f9dc467054499a82604540f87e7d6","GRUStacked|in200-out24|bs64|lr0.0005|win30|feat2","LOCAL","btc_forecast/tunning_models_v3.py","user","FINISHED","64","BTCUSDT","","close,open","200","24","0.0005","GRUStacked","50","2","30","1601.5435404640662","66.73098085266942","3180.0595039991954","132.50247933329982","0.0015214339907965182","0.0015214339907965182","0.0018712094204655161","0.0018712094204655161","crypto-forecast","","",""
"2025-09-18 13:26:51","2.8min","a43fd80eaf6e437983a110a73597c6f2","TransformerTimeSeries|in200-out6|bs64|lr0.001|win30|feat2","LOCAL","btc_forecast/tunning_models_v3.py","user","FINISHED","64","BTCUSDT","","close,open","200","6","0.001","TransformerTimeSeries","50","2","30","700.6263408018846","116.7710568003141","1311.700604312368","218.61676738539464","0.001659029974564372","0.001659029974564372","0.0018716466394693872","0.0018716466394693872","crypto-forecast","","",""
"2025-09-18 07:14:43","4.9min","bc4d95d59ad84f65a264acc20a3b1164","GRUStacked|in200-out24|bs64|lr0.0005|win30|feat1","LOCAL","btc_forecast/tunning_models_v3.py","user","FINISHED","64","BTCUSDT","","close","200","24","0.0005","GRUStacked","50","1","30","1594.5760783663193","66.44066993192997","3154.279030147478","131.42829292281158","0.001491281736441638","0.001491281736441638","0.0018716963000699552","0.0018716963000699552","crypto-forecast","","",""
"2025-09-18 10:06:20","2.7min","458e0ccbe9614609bf4472901b5e92ba","TransformerTimeSeries|in100-out12|bs64|lr0.001|win30|feat2","LOCAL","btc_forecast/tunning_models_v3.py","user","FINISHED","64","BTCUSDT","","close,open","100","12","0.001","TransformerTimeSeries","50","2","30","964.1639785324156","80.34699821103463","2090.239776822845","174.18664806857043","0.0017478739301736667","0.0017478739301736667","0.0018720932350975376","0.0018720932350975376","crypto-forecast","","",""
"2025-09-18 20:07:17","2.4min","fb73ef01573f46469177062992463579","ConvFC|in100-out12|bs64|lr0.001|win30|feat2","LOCAL","btc_forecast/tunning_models_v3.py","user","FINISHED","64","BTCUSDT","","close,high","100","12","0.001","ConvFC","50","2","30","1024.2406949863998","85.35339124886666","2132.008469642208","177.667372470184","0.001642617454738912","0.001642617454738912","0.0018728717611562731","0.0018728717611562731","crypto-forecast","","",""
"2025-09-18 10:21:14","2.5min","b4faf11da9ec4059a469cf35d851fb80","SimpleFC|in100-out12|bs64|lr0.0005|win30|feat2","LOCAL","btc_forecast/tunning_models_v3.py","user","FINISHED","64","BTCUSDT","","close,open","100","12","0.0005","SimpleFC","50","2","30","1017.7780590059884","84.81483825049904","2131.5128380071533","177.62606983392945","0.0016362832776757547","0.0016362832776757547","0.0018748554582049585","0.0018748554582049585","crypto-forecast","","",""
"2025-09-18 10:18:52","2.3min","840269b92ef54a1b99f1242fa9960a53","ConvFC|in100-out12|bs64|lr0.0005|win30|feat2","LOCAL","btc_forecast/tunning_models_v3.py","user","FINISHED","64","BTCUSDT","","close,open","100","12","0.0005","ConvFC","50","2","30","1001.6150837691443","83.46792364742869","2104.096142803918","175.34134523365984","0.0016475175653484653","0.0016475175653484653","0.001879747517902971","0.001879747517902971","crypto-forecast","","",""
"2025-09-18 05:43:54","4.0min","f4d3bf9c1b914a54921b1d90c1549f28","GRUStacked|in200-out24|bs32|lr0.001|win30|feat1","LOCAL","btc_forecast/tunning_models_v3.py","user","FINISHED","32","BTCUSDT","","close","200","24","0.001","GRUStacked","50","1","30","1619.197973598185","67.46658223325771","3169.7980661713714","132.07491942380713","0.0015260934880909017","0.0015260934880909017","0.0018811267776552977","0.0018811267776552977","crypto-forecast","","",""
"2025-09-18 23:15:24","1.5min","da80c9e3ccd840f9b7471bac4eefa60f","SimpleFC|in200-out6|bs32|lr0.0005|win30|feat2","LOCAL","btc_forecast/tunning_models_v3.py","user","FINISHED","32","BTCUSDT","","close,high","200","6","0.0005","SimpleFC","50","2","30","732.4395849288534","122.0732641548089","1362.2513917723247","227.0418986287208","0.001712318184310596","0.001712318184310596","0.001887214467651154","0.001887214467651154","crypto-forecast","","",""
"2025-09-18 10:00:06","2.3min","19b289dfd35d476095f41d61974355fd","ConvFC|in100-out12|bs64|lr0.001|win30|feat2","LOCAL","btc_forecast/tunning_models_v3.py","user","FINISHED","64","BTCUSDT","","close,open","100","12","0.001","ConvFC","50","2","30","1010.6748583837484","84.22290486531237","2117.292481949199","176.44104016243327","0.0016475659803888505","0.0016475659803888505","0.001890082513828591","0.001890082513828591","crypto-forecast","","",""
"2025-09-18 14:13:00","4.2min","aae310c4b2264bb9808a39f8581429e3","TransformerTimeSeries|in200-out12|bs32|lr0.001|win30|feat2","LOCAL","btc_forecast/tunning_models_v3.py","user","FINISHED","32","BTCUSDT","","close,open","200","12","0.001","TransformerTimeSeries","50","2","30","1019.898713082826","84.99155942356883","2117.2631998183733","176.43859998486445","0.001705625714461013","0.001705625714461013","0.0018906499295783799","0.0018906499295783799","crypto-forecast","","",""
"2025-09-18 21:28:16","4.1min","eb36020d299d4282aff76416f929babf","GRUStacked|in100-out24|bs32|lr0.0005|win30|feat2","LOCAL","btc_forecast/tunning_models_v3.py","user","FINISHED","32","BTCUSDT","","close,high","100","24","0.0005","GRUStacked","50","2","30","1613.029361428932","67.20955672620549","3184.6140162638494","132.69225067766038","0.0014612342443271792","0.0014612342443271792","0.001891151845923643","0.001891151845923643","crypto-forecast","","",""
"2025-09-18 15:52:10","3.4min","f0449f3440b34e228de034de5242e107","GRUStacked|in200-out24|bs32|lr0.001|win30|feat2","LOCAL","btc_forecast/tunning_models_v3.py","user","FINISHED","32","BTCUSDT","","close,open","200","24","0.001","GRUStacked","50","2","30","1637.1957957116945","68.21649148798727","3196.6204403660868","133.19251834858696","0.0015071560197462714","0.0015071560197462714","0.0018912548408599275","0.0018912548408599275","crypto-forecast","","",""
"2025-09-18 10:04:26","1.9min","c6faf98a7ff944e0a7eb3bb1b8b4b131","GRUStacked|in100-out12|bs64|lr0.001|win30|feat2","LOCAL","btc_forecast/tunning_models_v3.py","user","FINISHED","64","BTCUSDT","","close,open","100","12","0.001","GRUStacked","50","2","30","975.802282644481","81.31685688704009","2084.210151781021","173.6841793150851","0.0016063808122412167","0.0016063808122412167","0.0018920877223338364","0.0018920877223338364","crypto-forecast","","",""
"2025-09-18 06:44:05","3.7min","9a6c6c75ba864ce7a9ca6667b487a5ce","GRUStacked|in200-out24|bs64|lr0.001|win30|feat1","LOCAL","btc_forecast/tunning_models_v3.py","user","FINISHED","64","BTCUSDT","","close","200","24","0.001","GRUStacked","50","1","30","1596.09608810075","66.50400367086458","3197.1024519802836","133.21260216584514","0.001497350843196371","0.001497350843196371","0.0018941420052374048","0.0018941420052374048","crypto-forecast","","",""
"2025-09-18 20:14:45","3.1min","c4fd4661b84a4f22be53118cb85cebd8","TransformerTimeSeries|in100-out12|bs64|lr0.001|win30|feat2","LOCAL","btc_forecast/tunning_models_v3.py","user","FINISHED","64","BTCUSDT","","close,high","100","12","0.001","TransformerTimeSeries","50","2","30","1049.5442385707456","87.46201988089547","2154.603769498716","179.550314124893","0.0017558585795534286","0.0017558585795534286","0.0018950234672587796","0.0018950234672587796","crypto-forecast","","",""
"2025-09-18 20:35:22","3.0min","00e7a38e43f74db7bbacf412a2491b66","TransformerTimeSeries|in100-out12|bs64|lr0.0005|win30|feat2","LOCAL","btc_forecast/tunning_models_v3.py","user","FINISHED","64","BTCUSDT","","close,high","100","12","0.0005","TransformerTimeSeries","50","2","30","996.0913096963081","83.00760914135901","2107.356462964061","175.6130385803384","0.0017915660332101404","0.0017915660332101404","0.0018957916644805647","0.0018957916644805647","crypto-forecast","","",""
"2025-09-18 22:02:39","3.3min","bde7f90da03b4eb0ab979481514fe347","TransformerTimeSeries|in100-out24|bs64|lr0.001|win30|feat2","LOCAL","btc_forecast/tunning_models_v3.py","user","FINISHED","64","BTCUSDT","","close,high","100","24","0.001","TransformerTimeSeries","50","2","30","1686.7119360236945","70.27966400098727","3254.7708446813954","135.6154518617248","0.0016976539987354669","0.0016976539987354669","0.001898380619936886","0.001898380619936886","crypto-forecast","","",""
"2025-09-18 15:26:08","7.0min","f02a1f5527474abb885ab65020b2b7f5","TransformerTimeSeries|in200-out12|bs64|lr0.0005|win30|feat2","LOCAL","btc_forecast/tunning_models_v3.py","user","FINISHED","64","BTCUSDT","","close,open","200","12","0.0005","TransformerTimeSeries","50","2","30","975.2989460411058","81.27491217009215","2105.9771141492024","175.49809284576688","0.0016706059240073764","0.0016706059240073764","0.0018993530851801252","0.0018993530851801252","crypto-forecast","","",""
"2025-09-18 09:44:39","4.0min","e174a96ecfa9470d81e32274435b7397","TransformerTimeSeries|in100-out12|bs32|lr0.0005|win30|feat2","LOCAL","btc_forecast/tunning_models_v3.py","user","FINISHED","32","BTCUSDT","","close,open","100","12","0.0005","TransformerTimeSeries","50","2","30","1065.820315920315","88.81835966002625","2119.418738896391","176.61822824136593","0.0016960160598114412","0.0016960160598114412","0.00190021035457657","0.00190021035457657","crypto-forecast","","",""
"2025-09-18 09:20:38","3.7min","3588db30d13b4ecb98e66f0927c68815","TransformerTimeSeries|in100-out12|bs32|lr0.001|win30|feat2","LOCAL","btc_forecast/tunning_models_v3.py","user","FINISHED","32","BTCUSDT","","close,open","100","12","0.001","TransformerTimeSeries","50","2","30","974.9349837157699","81.24458197631417","2094.212282234067","174.51769018617225","0.0017307579400150173","0.0017307579400150173","0.0019020561336430442","0.0019020561336430442","crypto-forecast","","",""
"2025-09-18 19:21:22","4.3min","93b8556cf1964ac6bfb5060e5b5dbb6f","TransformerTimeSeries|in100-out12|bs32|lr0.001|win30|feat2","LOCAL","btc_forecast/tunning_models_v3.py","user","FINISHED","32","BTCUSDT","","close,high","100","12","0.001","TransformerTimeSeries","50","2","30","1020.5736338090687","85.0478028174224","2121.2623531495615","176.77186276246346","0.001751118505731712","0.001751118505731712","0.0019023508442411704","0.0019023508442411704","crypto-forecast","","",""
"2025-09-18 21:24:36","3.7min","a2de7adf60ee45ea85a805b919c5c2dd","SimpleFC|in100-out24|bs32|lr0.0005|win30|feat2","LOCAL","btc_forecast/tunning_models_v3.py","user","FINISHED","32","BTCUSDT","","close,high","100","24","0.0005","SimpleFC","50","2","30","1648.480129550553","68.68667206460638","3224.2222095942648","134.3425920664277","0.001621178148774425","0.001621178148774425","0.0019054563616246805","0.0019054563616246805","crypto-forecast","","",""
"2025-09-18 21:01:30","3.8min","9dd6ca046bf1433499b0cde1473e6b0a","TransformerTimeSeries|in100-out24|bs32|lr0.001|win30|feat2","LOCAL","btc_forecast/tunning_models_v3.py","user","FINISHED","32","BTCUSDT","","close,high","100","24","0.001","TransformerTimeSeries","50","2","30","1709.9913330487234","71.24963887703014","3267.8004769393333","136.15835320580555","0.0016616939581271775","0.0016616939581271775","0.0019056931026825447","0.0019056931026825447","crypto-forecast","","",""
"2025-09-18 21:52:24","3.3min","ff6a0f30f99b4456a32b202840f2c192","ConvFC|in100-out24|bs64|lr0.001|win30|feat2","LOCAL","btc_forecast/tunning_models_v3.py","user","FINISHED","64","BTCUSDT","","close,high","100","24","0.001","ConvFC","50","2","30","1663.9047432129912","69.3293643005413","3229.1605586445908","134.5483566101913","0.001549376114563817","0.001549376114563817","0.0019076571615349843","0.0019076571615349843","crypto-forecast","","",""
"2025-09-18 09:15:39","1.7min","c70110d09d4c45408156894af7dbbddd","SimpleFC|in100-out12|bs32|lr0.001|win30|feat2","LOCAL","btc_forecast/tunning_models_v3.py","user","FINISHED","32","BTCUSDT","","close,open","100","12","0.001","SimpleFC","50","2","30","1010.5629540788368","84.21357950656973","2128.0303908603746","177.33586590503123","0.0017349675870465349","0.0017349675870465349","0.0019086631467440903","0.0019086631467440903","crypto-forecast","","",""
"2025-09-18 19:14:35","2.1min","f0c49ea32a1341979a943028e4b92d86","ConvFC|in100-out12|bs32|lr0.001|win30|feat2","LOCAL","btc_forecast/tunning_models_v3.py","user","FINISHED","32","BTCUSDT","","close,high","100","12","0.001","ConvFC","50","2","30","1024.4684613025775","85.37237177521479","2120.6541687241856","176.72118072701548","0.0016585348866954726","0.0016585348866954726","0.0019128487180843376","0.0019128487180843376","crypto-forecast","","",""
"2025-09-18 22:20:44","3.8min","bdac6fe9130a4fabbc77dccbff3b1c1a","ConvFC|in100-out24|bs64|lr0.0005|win30|feat2","LOCAL","btc_forecast/tunning_models_v3.py","user","FINISHED","64","BTCUSDT","","close,high","100","24","0.0005","ConvFC","50","2","30","1717.9835365525216","71.58264735635507","3243.4044487448336","135.14185203103474","0.0015695382431042489","0.0015695382431042489","0.001914892540536011","0.001914892540536011","crypto-forecast","","",""
"2025-09-18 20:51:36","3.1min","15778159c84945b4a7089508f4b20435","ConvFC|in100-out24|bs32|lr0.001|win30|feat2","LOCAL","btc_forecast/tunning_models_v3.py","user","FINISHED","32","BTCUSDT","","close,high","100","24","0.001","ConvFC","50","2","30","1691.292133931258","70.47050558046908","3349.695514380859","139.5706464325358","0.0015349438911838893","0.0015349438911838893","0.0019172059855918633","0.0019172059855918633","crypto-forecast","","",""
"2025-09-18 02:54:26","2.9min","95a049f257ed44f3a5fe6f15c86b16b3","GRUStacked|in200-out6|bs32|lr0.0005|win30|feat1","LOCAL","btc_forecast/tunning_models_v3.py","user","FINISHED","32","BTCUSDT","","close","200","6","0.0005","GRUStacked","50","1","30","560.591396051349","93.4318993418915","1216.1350358751795","202.68917264586324","0.0017229216901887788","0.0017229216901887788","0.0019243227947025204","0.0019243227947025204","crypto-forecast","","",""
"2025-09-18 10:53:44","5.6min","1c8f7c813f0f4d1389c23132b902dc41","TransformerTimeSeries|in100-out24|bs32|lr0.001|win30|feat2","LOCAL","btc_forecast/tunning_models_v3.py","user","FINISHED","32","BTCUSDT","","close,open","100","24","0.001","TransformerTimeSeries","50","2","30","1712.041627319727","71.33506780498863","3242.40091805304","135.10003825221","0.0016396622245678425","0.0016396622245678425","0.0019249147985010056","0.0019249147985010056","crypto-forecast","","",""
"2025-09-18 03:26:04","3.2min","d63652297d0249ceb2ad682d5fae51a7","GRUStacked|in200-out6|bs64|lr0.001|win30|feat1","LOCAL","btc_forecast/tunning_models_v3.py","user","FINISHED","64","BTCUSDT","","close","200","6","0.001","GRUStacked","50","1","30","559.0844882480756","93.18074804134592","1206.887498383175","201.14791639719581","0.0017029578260119179","0.0017029578260119179","0.001927058683630323","0.001927058683630323","crypto-forecast","","",""
"2025-09-18 11:49:25","3.3min","9c2969bc67bf4cc39103fa7465ece6b9","ConvFC|in100-out24|bs64|lr0.001|win30|feat2","LOCAL","btc_forecast/tunning_models_v3.py","user","FINISHED","64","BTCUSDT","","close,open","100","24","0.001","ConvFC","50","2","30","1698.793267744805","70.78305282270021","3234.2049545870636","134.75853977446098","0.0015726392333036791","0.0015726392333036791","0.0019282189437277066","0.0019282189437277066","crypto-forecast","","",""
"2025-09-17 22:17:48","2.5min","5ca2dd534da444bc81793125915daf1e","GRUStacked|in100-out6|bs32|lr0.0005|win30|feat1","LOCAL","btc_forecast/tunning_models_v3.py","user","FINISHED","32","BTCUSDT","","close","100","6","0.0005","GRUStacked","50","1","30","566.8780729034075","94.47967881723459","1205.9234936632793","200.98724894387988","0.0017302189017232414","0.0017302189017232414","0.001929100758981962","0.001929100758981962","crypto-forecast","","",""
"2025-09-18 06:14:05","4.3min","bae57904f66948c7a0c83335a770282d","GRUStacked|in200-out24|bs32|lr0.0005|win30|feat1","LOCAL","btc_forecast/tunning_models_v3.py","user","FINISHED","32","BTCUSDT","","close","200","24","0.0005","GRUStacked","50","1","30","1608.7786988380385","67.03244578491827","3168.227814841534","132.0094922850639","0.0015155678474242078","0.0015155678474242078","0.00192926461705033","0.00192926461705033","crypto-forecast","","",""
"2025-09-18 14:38:29","4.5min","6cd65d47dab94d5eafa8b7b2886ea83e","TransformerTimeSeries|in200-out12|bs32|lr0.0005|win30|feat2","LOCAL","btc_forecast/tunning_models_v3.py","user","FINISHED","32","BTCUSDT","","close,open","200","12","0.0005","TransformerTimeSeries","50","2","30","1039.1539202159395","86.59616001799496","2155.4934155382275","179.6244512948523","0.0017374429003956203","0.0017374429003956203","0.001933774027254386","0.001933774027254386","crypto-forecast","","",""
"2025-09-18 19:16:42","1.9min","a23329db09004841acb48af5a2b2a72c","SimpleFC|in100-out12|bs32|lr0.001|win30|feat2","LOCAL","btc_forecast/tunning_models_v3.py","user","FINISHED","32","BTCUSDT","","close,high","100","12","0.001","SimpleFC","50","2","30","1084.4672320126015","90.37226933438346","2193.7560420875056","182.81300350729214","0.0017831656157710912","0.0017831656157710912","0.001934287727670969","0.001934287727670969","crypto-forecast","","",""
"2025-09-18 21:21:36","3.0min","69d325c3a3204deabb0676a57df615b2","ConvFC|in100-out24|bs32|lr0.0005|win30|feat2","LOCAL","btc_forecast/tunning_models_v3.py","user","FINISHED","32","BTCUSDT","","close,high","100","24","0.0005","ConvFC","50","2","30","1680.6209723123688","70.0258738463487","3227.4303760467865","134.4762656686161","0.0016090438062246499","0.0016090438062246499","0.0019348176256112376","0.0019348176256112376","crypto-forecast","","",""
"2025-09-18 10:43:33","3.2min","e87d2759b71548febaae82a368573ee8","ConvFC|in100-out24|bs32|lr0.001|win30|feat2","LOCAL","btc_forecast/tunning_models_v3.py","user","FINISHED","32","BTCUSDT","","close,open","100","24","0.001","ConvFC","50","2","30","1667.0155079000344","69.45897949583477","3202.6506742431147","133.44377809346312","0.0015928711198718085","0.0015928711198718085","0.0019375408013958084","0.0019375408013958084","crypto-forecast","","",""
"2025-09-18 03:46:36","3.3min","b2d6b0799a98406688f66ade54831888","GRUStacked|in200-out6|bs64|lr0.0005|win30|feat1","LOCAL","btc_forecast/tunning_models_v3.py","user","FINISHED","64","BTCUSDT","","close","200","6","0.0005","GRUStacked","50","1","30","581.3164546366478","96.88607577277463","1218.221977665045","203.03699627750748","0.0017124685152428048","0.0017124685152428048","0.001938678568779509","0.001938678568779509","crypto-forecast","","",""
"2025-09-18 20:27:23","2.3min","d3a1f8f55f414f4e8f5a0d06f6be8321","ConvFC|in100-out12|bs64|lr0.0005|win30|feat2","LOCAL","btc_forecast/tunning_models_v3.py","user","FINISHED","64","BTCUSDT","","close,high","100","12","0.0005","ConvFC","50","2","30","1091.6555744457894","90.97129787048245","2148.122986441235","179.0102488701029","0.0016971406210194737","0.0016971406210194737","0.0019389750961223303","0.0019389750961223303","crypto-forecast","","",""
"2025-09-17 22:38:04","2.2min","4074d6f3034549c3b744c5fbe1dc0f1c","GRUStacked|in100-out6|bs64|lr0.001|win30|feat1","LOCAL","btc_forecast/tunning_models_v3.py","user","FINISHED","64","BTCUSDT","","close","100","6","0.001","GRUStacked","50","1","30","567.163537897528","94.52725631625468","1214.5352049946096","202.42253416576827","0.001734513882196295","0.001734513882196295","0.0019391066180193429","0.0019391066180193429","crypto-forecast","","",""
"2025-09-18 14:55:23","2.2min","b53f262460294973b61ed08134639923","ConvFC|in200-out12|bs64|lr0.001|win30|feat2","LOCAL","btc_forecast/tunning_models_v3.py","user","FINISHED","64","BTCUSDT","","close,open","200","12","0.001","ConvFC","50","2","30","1045.4422140498582","87.12018450415485","2133.8691629909604","177.8224302492467","0.0016650919638512634","0.0016650919638512634","0.0019448761370070324","0.0019448761370070324","crypto-forecast","","",""
"2025-09-18 18:18:37","2.6min","2a87ade01da645d999b01684bb4c6d82","TransformerTimeSeries|in100-out6|bs32|lr0.0005|win30|feat2","LOCAL","btc_forecast/tunning_models_v3.py","user","FINISHED","32","BTCUSDT","","close,high","100","6","0.0005","TransformerTimeSeries","50","2","30","686.1985427077863","114.36642378463104","1335.537193678115","222.58953227968584","0.0015920029303136591","0.0015920029303136591","0.001945014560979269","0.001945014560979269","crypto-forecast","","",""
"2025-09-18 04:08:41","2.7min","44029e7b52034fa1865c90ee99bb6ae7","GRUStacked|in200-out12|bs32|lr0.001|win30|feat1","LOCAL","btc_forecast/tunning_models_v3.py","user","FINISHED","32","BTCUSDT","","close","200","12","0.001","GRUStacked","50","1","30","956.7606025881091","79.73005021567576","2066.07958418978","172.17329868248166","0.0017171457762227226","0.0017171457762227226","0.0019479877203896951","0.0019479877203896951","crypto-forecast","","",""
"2025-09-18 00:00:33","3.4min","7e041cd5a19a4a408fe48710db085bd1","GRUStacked|in100-out12|bs64|lr0.001|win30|feat1","LOCAL","btc_forecast/tunning_models_v3.py","user","FINISHED","64","BTCUSDT","","close","100","12","0.001","GRUStacked","50","1","30","937.1467904287902","78.09556586906585","2046.5050919764935","170.54209099804112","0.0016906649143842594","0.0016906649143842594","0.0019489172555040568","0.0019489172555040568","crypto-forecast","","",""
"2025-09-18 01:37:06","3.2min","08019a93f2af44c39232698f63dd3aff","ConvFC|in100-out24|bs64|lr0.001|win30|feat1","LOCAL","btc_forecast/tunning_models_v3.py","user","FINISHED","64","BTCUSDT","","close","100","24","0.001","ConvFC","50","1","30","1628.2644765764119","67.84435319068383","3181.233825773013","132.55140940720887","0.0016542159346512307","0.0016542159346512307","0.0019499734156553585","0.0019499734156553585","crypto-forecast","","",""
"2025-09-18 20:22:01","2.6min","acf64d9784a4406785ab8f7c759c16b4","GRUStacked|in100-out12|bs64|lr0.001|win15|feat2","LOCAL","btc_forecast/tunning_models_v3.py","user","FINISHED","64","BTCUSDT","","close,high","100","12","0.001","GRUStacked","50","2","15","1020.314014810269","85.02616790085575","1967.6495628840885","163.97079690700738","0.0016580165701756057","0.0016580165701756057","0.0019504257302353349","0.0019504257302353349","crypto-forecast","","",""
"2025-09-17 21:58:51","2.3min","90710f72e8fd41d7a71459e21a6ea49e","GRUStacked|in100-out6|bs32|lr0.001|win30|feat1","LOCAL","btc_forecast/tunning_models_v3.py","user","FINISHED","32","BTCUSDT","","close","100","6","0.001","GRUStacked","50","1","30","585.3057598790119","97.55095997983533","1213.2737390327418","202.2122898387903","0.0017356188829171578","0.0017356188829171578","0.0019510832591400457","0.0019510832591400457","crypto-forecast","","",""
"2025-09-18 01:47:21","3.7min","b8f0d9187e5843178c1404f0140b0245","TransformerTimeSeries|in100-out24|bs64|lr0.001|win30|feat1","LOCAL","btc_forecast/tunning_models_v3.py","user","FINISHED","64","BTCUSDT","","close","100","24","0.001","TransformerTimeSeries","50","1","30","1623.9687530544663","67.66536471060276","3162.0453698298134","131.75189040957557","0.0017145203545610376","0.0017145203545610376","0.001952050653504768","0.001952050653504768","crypto-forecast","","",""
"2025-09-18 14:04:44","2.6min","4736b7fade1f47d1ab427d4a57fc9a4e","ConvFC|in200-out12|bs32|lr0.001|win30|feat2","LOCAL","btc_forecast/tunning_models_v3.py","user","FINISHED","32","BTCUSDT","","close,open","200","12","0.001","ConvFC","50","2","30","1002.6766835407356","83.55639029506129","2136.419504942652","178.03495874522102","0.0016363012653095275","0.0016363012653095275","0.001954076586479484","0.001954076586479484","crypto-forecast","","",""
"2025-09-18 04:59:04","2.8min","111a576e9d004331bec356325525c393","GRUStacked|in200-out12|bs64|lr0.001|win30|feat1","LOCAL","btc_forecast/tunning_models_v3.py","user","FINISHED","64","BTCUSDT","","close","200","12","0.001","GRUStacked","50","1","30","945.7791703321151","78.81493086100959","2049.8186358162952","170.81821965135794","0.001712951680102182","0.001712951680102182","0.0019557106675121266","0.0019557106675121266","crypto-forecast","","",""
"2025-09-18 20:00:44","6.5min","2cfb7b0759aa477a878f0caffa37bbe4","TransformerTimeSeries|in100-out12|bs32|lr0.0005|win15|feat2","LOCAL","btc_forecast/tunning_models_v3.py","user","FINISHED","32","BTCUSDT","","close,high","100","12","0.0005","TransformerTimeSeries","50","2","15","1005.1848183961458","83.76540153301215","1968.9864124219996","164.08220103516663","0.0017556413843937471","0.0017556413843937471","0.0019559938510008727","0.0019559938510008727","crypto-forecast","","",""
"2025-09-18 21:32:25","3.6min","594539f20ff74c5f9432a9d0c990c5c4","TransformerTimeSeries|in100-out24|bs32|lr0.0005|win30|feat2","LOCAL","btc_forecast/tunning_models_v3.py","user","FINISHED","32","BTCUSDT","","close,high","100","24","0.0005","TransformerTimeSeries","50","2","30","1804.6953060795702","75.19563775331542","3344.984983873076","139.37437432804484","0.0016695436743379224","0.0016695436743379224","0.0019576806278450384","0.0019576806278450384","crypto-forecast","","",""
"2025-09-17 23:12:30","2.6min","3d6a8476b61d46fab929e5dc117deca4","GRUStacked|in100-out12|bs32|lr0.001|win30|feat1","LOCAL","btc_forecast/tunning_models_v3.py","user","FINISHED","32","BTCUSDT","","close","100","12","0.001","GRUStacked","50","1","30","944.7583524433514","78.72986270361262","2052.231657064699","171.01930475539157","0.0017140634004887982","0.0017140634004887982","0.001961105118166393","0.001961105118166393","crypto-forecast","","",""
"2025-09-17 23:23:01","3.5min","ddad72fdc89741b1a55b7532c981b876","GRUStacked|in100-out12|bs32|lr0.001|win15|feat1","LOCAL","btc_forecast/tunning_models_v3.py","user","FINISHED","32","BTCUSDT","","close","100","12","0.001","GRUStacked","50","1","15","944.9410336487695","78.74508613739745","1904.9853470741111","158.7487789228426","0.0016563959742384607","0.0016563959742384607","0.0019627880857743386","0.0019627880857743386","crypto-forecast","","",""
"2025-09-18 04:31:09","2.9min","f2bf71935a4446768315b666a280c9bf","GRUStacked|in200-out12|bs32|lr0.0005|win30|feat1","LOCAL","btc_forecast/tunning_models_v3.py","user","FINISHED","32","BTCUSDT","","close","200","12","0.0005","GRUStacked","50","1","30","951.5978898977735","79.29982415814779","2076.7421201983548","173.0618433498629","0.0017256060583716159","0.0017256060583716159","0.001963822336544831","0.001963822336544831","crypto-forecast","","",""
"2025-09-18 22:12:29","3.6min","b8181e293e4c4f318650e32e6b91f6d3","GRUStacked|in100-out24|bs64|lr0.001|win15|feat2","LOCAL","btc_forecast/tunning_models_v3.py","user","FINISHED","64","BTCUSDT","","close,high","100","24","0.001","GRUStacked","50","2","15","1728.0970858813434","72.00404524505598","3943.9724047959153","164.33218353316315","0.0016622129450545777","0.0016622129450545777","0.001964384830455017","0.001964384830455017","crypto-forecast","","",""
"2025-09-18 00:43:52","2.9min","fc73c6c88ff14bfeae7df4346bd24bac","GRUStacked|in100-out24|bs32|lr0.001|win30|feat1","LOCAL","btc_forecast/tunning_models_v3.py","user","FINISHED","32","BTCUSDT","","close","100","24","0.001","GRUStacked","50","1","30","1661.7804924893546","69.24085385372311","3206.987541592115","133.62448089967145","0.0015766288966377372","0.0015766288966377372","0.0019658196217129213","0.0019658196217129213","crypto-forecast","","",""
"2025-09-18 05:19:52","2.9min","89fc1f6fd8d24eceb2e5011eb960f3a3","GRUStacked|in200-out12|bs64|lr0.0005|win30|feat1","LOCAL","btc_forecast/tunning_models_v3.py","user","FINISHED","64","BTCUSDT","","close","200","12","0.0005","GRUStacked","50","1","30","945.0561408701054","78.75467840584211","2070.006823401433","172.50056861678607","0.0017200676931524354","0.0017200676931524354","0.0019660673312756945","0.0019660673312756945","crypto-forecast","","",""
"2025-09-18 19:46:28","3.4min","7e0c433fedc34243a2c550728c6c4c9e","TransformerTimeSeries|in100-out12|bs32|lr0.0005|win30|feat2","LOCAL","btc_forecast/tunning_models_v3.py","user","FINISHED","32","BTCUSDT","","close,high","100","12","0.0005","TransformerTimeSeries","50","2","30","1143.2467423951655","95.27056186626379","2223.933382560902","185.32778188007515","0.001762681683791033","0.001762681683791033","0.001968473241618634","0.001968473241618634","crypto-forecast","","",""
"2025-09-18 04:20:47","3.1min","2f424784a9ad46a68428488703832830","GRUStacked|in200-out12|bs32|lr0.001|win15|feat1","LOCAL","btc_forecast/tunning_models_v3.py","user","FINISHED","32","BTCUSDT","","close","200","12","0.001","GRUStacked","50","1","15","938.5201964654411","78.2100163721201","1889.771802969738","157.4809835808115","0.0016735004842171812","0.0016735004842171812","0.001968739627948435","0.001968739627948435","crypto-forecast","","",""
"2025-09-18 11:52:42","2.8min","86507e1632554defb3bb8731e80da9e5","SimpleFC|in100-out24|bs64|lr0.001|win30|feat2","LOCAL","btc_forecast/tunning_models_v3.py","user","FINISHED","64","BTCUSDT","","close,open","100","24","0.001","SimpleFC","50","2","30","1637.4692629526548","68.22788595636062","3223.8768843076914","134.32820351282047","0.0016917375417447628","0.0016917375417447628","0.0019701226298913252","0.0019701226298913252","crypto-forecast","","",""
"2025-09-18 02:34:07","2.2min","5561c9d2c6044a5fb8698e64bf0bd609","GRUStacked|in200-out6|bs32|lr0.001|win30|feat1","LOCAL","btc_forecast/tunning_models_v3.py","user","FINISHED","32","BTCUSDT","","close","200","6","0.001","GRUStacked","50","1","30","585.4029296789312","97.56715494648853","1228.1186917715556","204.68644862859261","0.001736325691315599","0.001736325691315599","0.0019701943489593464","0.0019701943489593464","crypto-forecast","","",""
"2025-09-18 10:46:47","3.4min","fafd19fa9cfd4da889d78ad61ea85818","SimpleFC|in100-out24|bs32|lr0.001|win30|feat2","LOCAL","btc_forecast/tunning_models_v3.py","user","FINISHED","32","BTCUSDT","","close,open","100","24","0.001","SimpleFC","50","2","30","1689.8455560218295","70.41023150090956","3244.206307930994","135.17526283045808","0.0016860456679156338","0.0016860456679156338","0.0019714210408018195","0.0019714210408018195","crypto-forecast","","",""
"2025-09-17 23:35:38","3.1min","42fa2ba5fe864c1088464c521faba614","GRUStacked|in100-out12|bs32|lr0.0005|win30|feat1","LOCAL","btc_forecast/tunning_models_v3.py","user","FINISHED","32","BTCUSDT","","close","100","12","0.0005","GRUStacked","50","1","30","955.0991828641817","79.59159857201514","2052.97723552858","171.08143629404833","0.0017187899855820765","0.0017187899855820765","0.001971750020114609","0.001971750020114609","crypto-forecast","","",""
"2025-09-18 12:23:07","3.5min","4de70802c34d4271bb0034ae064c813c","TransformerTimeSeries|in100-out24|bs64|lr0.0005|win30|feat2","LOCAL","btc_forecast/tunning_models_v3.py","user","FINISHED","64","BTCUSDT","","close,open","100","24","0.0005","TransformerTimeSeries","50","2","30","1810.1830215534997","75.42429256472916","3375.613720096179","140.6505716706741","0.0017104838259035238","0.0017104838259035238","0.0019733047177216516","0.0019733047177216516","crypto-forecast","","",""
"2025-09-17 22:54:54","2.1min","1929542ea9c8454c9487c040f7352290","GRUStacked|in100-out6|bs64|lr0.0005|win30|feat1","LOCAL","btc_forecast/tunning_models_v3.py","user","FINISHED","64","BTCUSDT","","close","100","6","0.0005","GRUStacked","50","1","30","590.0489170589501","98.34148617649169","1224.3258104852432","204.05430174754053","0.0017322509569359945","0.0017322509569359945","0.001975143291753523","0.001975143291753523","crypto-forecast","","",""
"2025-09-18 00:21:13","2.9min","1873c16c11a344d1a72bc8a51d308e70","GRUStacked|in100-out12|bs64|lr0.0005|win30|feat1","LOCAL","btc_forecast/tunning_models_v3.py","user","FINISHED","64","BTCUSDT","","close","100","12","0.0005","GRUStacked","50","1","30","955.8783369085467","79.65652807571222","2059.527091556021","171.6272576296684","0.001720030739598758","0.001720030739598758","0.0019768537946606665","0.0019768537946606665","crypto-forecast","","",""
"2025-09-18 04:44:09","4.6min","f738cc81fe274ac88310e41e96166d6e","GRUStacked|in200-out12|bs32|lr0.0005|win15|feat1","LOCAL","btc_forecast/tunning_models_v3.py","user","FINISHED","32","BTCUSDT","","close","200","12","0.0005","GRUStacked","50","1","15","942.2724246173339","78.52270205144448","1895.3979776598483","157.94983147165402","0.0016300959887578404","0.0016300959887578404","0.0019788747335099523","0.0019788747335099523","crypto-forecast","","",""
"2025-09-18 11:16:46","3.3min","8b16a2c1d5724ea2acd5096e92b503b4","SimpleFC|in100-out24|bs32|lr0.0005|win30|feat2","LOCAL","btc_forecast/tunning_models_v3.py","user","FINISHED","32","BTCUSDT","","close,open","100","24","0.0005","SimpleFC","50","2","30","1627.02774541047","67.79282272543625","3218.228243950519","134.09284349793828","0.0016388725916447223","0.0016388725916447223","0.0019789397613393426","0.0019789397613393426","crypto-forecast","","",""
"2025-09-18 21:55:41","3.0min","6d5e8c43adf24dd4a4dd1e800d110758","SimpleFC|in100-out24|bs64|lr0.001|win30|feat2","LOCAL","btc_forecast/tunning_models_v3.py","user","FINISHED","64","BTCUSDT","","close,high","100","24","0.001","SimpleFC","50","2","30","1832.326090842243","76.34692045176013","3331.195932336099","138.79983051400413","0.0016548207616727333","0.0016548207616727333","0.00197934898042237","0.00197934898042237","crypto-forecast","","",""
"2025-09-18 05:09:28","3.2min","c063a67c84c54043a0ff2d00cfd013ba","GRUStacked|in200-out12|bs64|lr0.001|win15|feat1","LOCAL","btc_forecast/tunning_models_v3.py","user","FINISHED","64","BTCUSDT","","close","200","12","0.001","GRUStacked","50","1","15","946.5060894676074","78.87550745563395","1897.5770790101658","158.13142325084715","0.0016384627099582565","0.0016384627099582565","0.001979708259312653","0.001979708259312653","crypto-forecast","","",""
"2025-09-18 02:02:18","3.8min","3fd046f669b348428cc167b928634f73","ConvFC|in100-out24|bs64|lr0.0005|win30|feat1","LOCAL","btc_forecast/tunning_models_v3.py","user","FINISHED","64","BTCUSDT","","close","100","24","0.0005","ConvFC","50","1","30","1662.6505200705744","69.2771050029406","3222.4969322191855","134.27070550913274","0.0015803900364797885","0.0015803900364797885","0.0019806311670018716","0.0019806311670018716","crypto-forecast","","",""
"2025-09-18 02:13:12","3.6min","6ed7373eec98422da1719596a4209d30","TransformerTimeSeries|in100-out24|bs64|lr0.0005|win30|feat1","LOCAL","btc_forecast/tunning_models_v3.py","user","FINISHED","64","BTCUSDT","","close","100","24","0.0005","TransformerTimeSeries","50","1","30","1590.9832193905079","66.2909674746045","3184.2206447909753","132.67586019962397","0.001754979106590576","0.001754979106590576","0.0019825269631011714","0.0019825269631011714","crypto-forecast","","",""
"2025-09-17 22:50:21","2.7min","2d2651f1871e4c0da0c8ee15fd4b18ef","ConvFC|in100-out6|bs64|lr0.0005|win30|feat1","LOCAL","btc_forecast/tunning_models_v3.py","user","FINISHED","64","BTCUSDT","","close","100","6","0.0005","ConvFC","50","1","30","585.7177493677591","97.61962489462651","1232.068880966978","205.34481349449632","0.0017678581591949777","0.0017678581591949777","0.001982869936523347","0.001982869936523347","crypto-forecast","","",""
"2025-09-18 21:12:10","3.6min","2e82cb0f11354f28b8cb0e27b9cf2cc2","GRUStacked|in100-out24|bs32|lr0.001|win15|feat2","LOCAL","btc_forecast/tunning_models_v3.py","user","FINISHED","32","BTCUSDT","","close,high","100","24","0.001","GRUStacked","50","2","15","1755.9879246260903","73.16616352608709","3876.7322202897726","161.53050917874052","0.0016593754628875185","0.0016593754628875185","0.0019834572619450356","0.0019834572619450356","crypto-forecast","","",""
"2025-09-18 05:32:13","3.4min","bb7d12d159354138b72ebe713eb661a3","GRUStacked|in200-out12|bs64|lr0.0005|win15|feat1","LOCAL","btc_forecast/tunning_models_v3.py","user","FINISHED","64","BTCUSDT","","close","200","12","0.0005","GRUStacked","50","1","15","943.7887615692255","78.64906346410213","1903.453201788635","158.62110014905292","0.0016788326056822725","0.0016788326056822725","0.001983946918151613","0.001983946918151613","crypto-forecast","","",""
"2025-09-18 00:30:57","3.8min","33fbda8967704895963ce6f0a987904e","GRUStacked|in100-out12|bs64|lr0.0005|win15|feat1","LOCAL","btc_forecast/tunning_models_v3.py","user","FINISHED","64","BTCUSDT","","close","100","12","0.0005","GRUStacked","50","1","15","952.0311197776384","79.33592664813654","1907.40121725809","158.95010143817416","0.0016724356495333255","0.0016724356495333255","0.0019857703182556115","0.0019857703182556115","crypto-forecast","","",""
"2025-09-18 00:37:19","3.4min","06b4369ebf6a4086b73fa7bd06dc23c9","ConvFC|in100-out24|bs32|lr0.001|win30|feat1","LOCAL","btc_forecast/tunning_models_v3.py","user","FINISHED","32","BTCUSDT","","close","100","24","0.001","ConvFC","50","1","30","1666.5678801960958","69.44032834150399","3246.327621609746","135.26365090040608","0.0016430812622497193","0.0016430812622497193","0.001989015039286558","0.001989015039286558","crypto-forecast","","",""
"2025-09-18 01:14:36","4.7min","35e3c29a20d54afda7d866d59f00f1e1","TransformerTimeSeries|in100-out24|bs32|lr0.0005|win30|feat1","LOCAL","btc_forecast/tunning_models_v3.py","user","FINISHED","32","BTCUSDT","","close","100","24","0.0005","TransformerTimeSeries","50","1","30","1622.5820391298125","67.60758496374218","3183.6991560415404","132.65413150173086","0.0016850067488193977","0.0016850067488193977","0.001990192927931073","0.001990192927931073","crypto-forecast","","",""
"2025-09-17 23:47:01","3.8min","beefcd38bfbc420193c83f431338e5b5","GRUStacked|in100-out12|bs32|lr0.0005|win15|feat1","LOCAL","btc_forecast/tunning_models_v3.py","user","FINISHED","32","BTCUSDT","","close","100","12","0.0005","GRUStacked","50","1","15","964.1540265950723","80.3461688829227","1924.7348734775474","160.3945727897956","0.0016787199536198718","0.0016787199536198718","0.0019911448090578483","0.0019911448090578483","crypto-forecast","","",""
"2025-09-18 16:13:24","3.3min","3d7efbee59194bebaf9d395f4a110bd5","ConvFC|in200-out24|bs32|lr0.0005|win30|feat2","LOCAL","btc_forecast/tunning_models_v3.py","user","FINISHED","32","BTCUSDT","","close,open","200","24","0.0005","ConvFC","50","2","30","1679.8482938565871","69.99367891069113","3229.8367903668504","134.5765329319521","0.0015784007528699365","0.0015784007528699365","0.0019926301096759337","0.0019926301096759337","crypto-forecast","","",""
"2025-09-18 00:46:49","4.1min","f81b7e94bc9e49978c3655762cdfa8c5","TransformerTimeSeries|in100-out24|bs32|lr0.001|win30|feat1","LOCAL","btc_forecast/tunning_models_v3.py","user","FINISHED","32","BTCUSDT","","close","100","24","0.001","TransformerTimeSeries","50","1","30","1645.7952900647676","68.57480375269866","3175.34971737722","132.30623822405082","0.0017409259852919378","0.0017409259852919378","0.0019927916327136534","0.0019927916327136534","crypto-forecast","","",""
"2025-09-18 15:45:24","3.6min","5bee21d2eb1f4a59b0a76aad49b548f2","ConvFC|in200-out24|bs32|lr0.001|win30|feat2","LOCAL","btc_forecast/tunning_models_v3.py","user","FINISHED","32","BTCUSDT","","close,open","200","24","0.001","ConvFC","50","2","30","1613.2439970973032","67.2184998790543","3175.9303831472985","132.33043263113743","0.0015817266445128145","0.0015817266445128145","0.0019949230903203298","0.0019949230903203298","crypto-forecast","","",""
"2025-09-18 14:07:18","2.2min","879a29b4328c4779baf254c83363fb59","SimpleFC|in200-out12|bs32|lr0.001|win30|feat2","LOCAL","btc_forecast/tunning_models_v3.py","user","FINISHED","32","BTCUSDT","","close,open","200","12","0.001","SimpleFC","50","2","30","1066.8986224628957","88.90821853857464","2178.955810467484","181.57965087229033","0.0017473219132729508","0.0017473219132729508","0.0019954630332574626","0.0019954630332574626","crypto-forecast","","",""
"2025-09-18 20:57:45","3.7min","fd8986efe78541f3b3e7e4f3bb4ae1a5","GRUStacked|in100-out24|bs32|lr0.001|win30|feat2","LOCAL","btc_forecast/tunning_models_v3.py","user","FINISHED","32","BTCUSDT","","close,high","100","24","0.001","GRUStacked","50","2","30","1644.5146315307088","68.5214429804462","3220.307369030906","134.17947370962108","0.001448970751861825","0.001448970751861825","0.001998120594334143","0.001998120594334143","crypto-forecast","","",""
"2025-09-18 05:38:01","3.1min","42a6c53ecebc4dda93cc8eacf873f4f0","ConvFC|in200-out24|bs32|lr0.001|win30|feat1","LOCAL","btc_forecast/tunning_models_v3.py","user","FINISHED","32","BTCUSDT","","close","200","24","0.001","ConvFC","50","1","30","1653.4284822836098","68.89285342848375","3224.3943376054435","134.34976406689347","0.001646047828049852","0.001646047828049852","0.001998509692227572","0.001998509692227572","crypto-forecast","","",""
"2025-09-18 00:11:45","2.8min","8f808881338942c99c196d25fdcaaf59","GRUStacked|in100-out12|bs64|lr0.001|win15|feat1","LOCAL","btc_forecast/tunning_models_v3.py","user","FINISHED","64","BTCUSDT","","close","100","12","0.001","GRUStacked","50","1","15","960.8368130554665","80.06973442128887","1912.064487558358","159.33870729652983","0.0016938614388653148","0.0016938614388653148","0.0019988064962925146","0.0019988064962925146","crypto-forecast","","",""
"2025-09-18 15:21:45","2.3min","4f6c75881ec747e595fccbb5c124c7a0","SimpleFC|in200-out12|bs64|lr0.0005|win30|feat2","LOCAL","btc_forecast/tunning_models_v3.py","user","FINISHED","64","BTCUSDT","","close,open","200","12","0.0005","SimpleFC","50","2","30","1054.5122580898762","87.87602150748968","2153.1710201117953","179.43091834264962","0.0016463966988939202","0.0016463966988939202","0.001999227436402365","0.001999227436402365","crypto-forecast","","",""
"2025-09-17 22:57:00","2.6min","a4071aabf6e34d4d86c15d657eeca474","TransformerTimeSeries|in100-out6|bs64|lr0.0005|win30|feat1","LOCAL","btc_forecast/tunning_models_v3.py","user","FINISHED","64","BTCUSDT","","close","100","6","0.0005","TransformerTimeSeries","50","1","30","587.1769220365453","97.86282033942422","1235.252631772558","205.87543862875967","0.0018606596780523775","0.0018606596780523775","0.0020000964785860807","0.0020000964785860807","crypto-forecast","","",""
"2025-09-18 15:55:33","5.1min","a63fe7cf7a8042a5ae8093f85af20aea","TransformerTimeSeries|in200-out24|bs32|lr0.001|win30|feat2","LOCAL","btc_forecast/tunning_models_v3.py","user","FINISHED","32","BTCUSDT","","close,open","200","24","0.001","TransformerTimeSeries","50","2","30","1652.346186362949","68.84775776512288","3195.128517343389","133.13035488930788","0.0016753936497260946","0.0016753936497260946","0.0020022269042834486","0.0020022269042834486","crypto-forecast","","",""
"2025-09-18 14:34:01","1.9min","9fdf0d6cbfe14148966d74aba3ec1518","SimpleFC|in200-out12|bs32|lr0.0005|win30|feat2","LOCAL","btc_forecast/tunning_models_v3.py","user","FINISHED","32","BTCUSDT","","close,open","200","12","0.0005","SimpleFC","50","2","30","1087.29583753832","90.60798646152666","2173.677152787018","181.13976273225148","0.0017338574332655234","0.0017338574332655234","0.0020024999935972197","0.0020024999935972197","crypto-forecast","","",""
"2025-09-18 00:19:10","2.0min","51aaac599c394c40991ef016aebeb683","SimpleFC|in100-out12|bs64|lr0.0005|win30|feat1","LOCAL","btc_forecast/tunning_models_v3.py","user","FINISHED","64","BTCUSDT","","close","100","12","0.0005","SimpleFC","50","1","30","988.6999147629147","82.39165956357623","2133.6824785203257","177.80687321002713","0.001779990051157609","0.001779990051157609","0.002004918039597544","0.002004918039597544","crypto-forecast","","",""
"2025-09-18 01:07:06","3.5min","fefcc57f116f4cc7a1c24039f22ff75a","SimpleFC|in100-out24|bs32|lr0.0005|win30|feat1","LOCAL","btc_forecast/tunning_models_v3.py","user","FINISHED","32","BTCUSDT","","close","100","24","0.0005","SimpleFC","50","1","30","1629.6743911621106","67.90309963175461","3213.2681097176364","133.88617123823485","0.0016334782226173196","0.0016334782226173196","0.002005357910497373","0.002005357910497373","crypto-forecast","","",""
"2025-09-18 17:15:47","4.4min","50704155c60b47a0b37bf686f2c57576","ConvFC|in200-out24|bs64|lr0.0005|win30|feat2","LOCAL","btc_forecast/tunning_models_v3.py","user","FINISHED","64","BTCUSDT","","close,open","200","24","0.0005","ConvFC","50","2","30","1679.255870091383","69.96899458714095","3259.980255227196","135.8325106344665","0.0015584567400893938","0.0015584567400893938","0.0020079640592493625","0.0020079640592493625","crypto-forecast","","",""
"2025-09-18 12:41:25","2.6min","e7f2736a6526460faedf2a61c26fc41f","SimpleFC|in200-out6|bs32|lr0.001|win30|feat2","LOCAL","btc_forecast/tunning_models_v3.py","user","FINISHED","32","BTCUSDT","","close,open","200","6","0.001","SimpleFC","50","2","30","751.8338085560858","125.30563475934764","1354.1961651521406","225.69936085869008","0.0016720574311934477","0.0016720574311934477","0.0020081847892658346","0.0020081847892658346","crypto-forecast","","",""
"2025-09-18 14:31:40","2.3min","2f86c80d86b540ef9fdf5cc2df307f82","ConvFC|in200-out12|bs32|lr0.0005|win30|feat2","LOCAL","btc_forecast/tunning_models_v3.py","user","FINISHED","32","BTCUSDT","","close,open","200","12","0.0005","ConvFC","50","2","30","1054.8185472005914","87.90154560004929","2155.086017617462","179.59050146812183","0.0015946616167013636","0.0015946616167013636","0.0020083490092578683","0.0020083490092578683","crypto-forecast","","",""
"2025-09-18 10:11:11","2.1min","4be6c297209e446c84ed1eaf9de5d055","SimpleFC|in100-out12|bs64|lr0.001|win15|feat2","LOCAL","btc_forecast/tunning_models_v3.py","user","FINISHED","64","BTCUSDT","","close,open","100","12","0.001","SimpleFC","50","2","15","1034.2788878980762","86.18990732483968","2032.74614325623","169.39551193801915","0.0016936004435386769","0.0016936004435386769","0.002009483829398239","0.002009483829398239","crypto-forecast","","",""
"2025-09-18 15:02:27","5.8min","f3691f92ea3847aebf7aa439b8c92fca","TransformerTimeSeries|in200-out12|bs64|lr0.001|win30|feat2","LOCAL","btc_forecast/tunning_models_v3.py","user","FINISHED","64","BTCUSDT","","close,open","200","12","0.001","TransformerTimeSeries","50","2","30","1050.3761505271473","87.53134587726227","2176.9007484572376","181.4083957047698","0.0016890620008755367","0.0016890620008755367","0.002009574539628269","0.002009574539628269","crypto-forecast","","",""
"2025-09-18 15:19:14","2.5min","8eadb45b72344504ad6c904507b90c92","ConvFC|in200-out12|bs64|lr0.0005|win30|feat2","LOCAL","btc_forecast/tunning_models_v3.py","user","FINISHED","64","BTCUSDT","","close,open","200","12","0.0005","ConvFC","50","2","30","1059.9760637571712","88.33133864643094","2173.5852009475793","181.13210007896495","0.0016560630356102536","0.0016560630356102536","0.00201002028534806","0.00201002028534806","crypto-forecast","","",""
"2025-09-18 09:48:43","2.3min","f06e2acee6c4445292ce985f78cadfa1","ConvFC|in100-out12|bs32|lr0.0005|win15|feat2","LOCAL","btc_forecast/tunning_models_v3.py","user","FINISHED","32","BTCUSDT","","close,open","100","12","0.0005","ConvFC","50","2","15","1035.6401717840129","86.30334764866774","2017.5042522386116","168.12535435321763","0.0016870656533130677","0.0016870656533130677","0.00201372323408138","0.00201372323408138","crypto-forecast","","",""
"2025-09-18 11:24:45","6.6min","8cd37426e45c4a00913a6e5f0137b313","TransformerTimeSeries|in100-out24|bs32|lr0.0005|win30|feat2","LOCAL","btc_forecast/tunning_models_v3.py","user","FINISHED","32","BTCUSDT","","close,open","100","24","0.0005","TransformerTimeSeries","50","2","30","1750.8740053573672","72.95308355655696","3262.75916937072","135.94829872378","0.0015469316744640138","0.0015469316744640138","0.0020147377760978366","0.0020147377760978366","crypto-forecast","","",""
"2025-09-18 14:57:38","1.6min","730777a78e3f455da4020fd73930b542","SimpleFC|in200-out12|bs64|lr0.001|win30|feat2","LOCAL","btc_forecast/tunning_models_v3.py","user","FINISHED","64","BTCUSDT","","close,open","200","12","0.001","SimpleFC","50","2","30","1152.170839862513","96.01423665520942","2237.5322218436095","186.46101848696745","0.0017836151399266646","0.0017836151399266646","0.002018750563277456","0.002018750563277456","crypto-forecast","","",""
"2025-09-18 02:57:24","5.5min","694c67ea59d44e0a97d74ba0a0c34be2","TransformerTimeSeries|in200-out6|bs32|lr0.0005|win30|feat1","LOCAL","btc_forecast/tunning_models_v3.py","user","FINISHED","32","BTCUSDT","","close","200","6","0.0005","TransformerTimeSeries","50","1","30","596.4354901655629","99.40591502759382","1230.4237537199613","205.07062561999354","0.0017894438021033912","0.0017894438021033912","0.0020193311010788754","0.0020193311010788754","crypto-forecast","","",""
"2025-09-18 02:49:51","2.9min","9ddf6a76eaf245c38bc31d4727802c59","ConvFC|in200-out6|bs32|lr0.0005|win30|feat1","LOCAL","btc_forecast/tunning_models_v3.py","user","FINISHED","32","BTCUSDT","","close","200","6","0.0005","ConvFC","50","1","30","581.1843378981896","96.86405631636494","1239.1128895277775","206.51881492129624","0.0017505084387663408","0.0017505084387663408","0.0020202473629700245","0.0020202473629700245","crypto-forecast","","",""
"2025-09-18 02:36:16","4.6min","9c053774fa0041aa8eb6fa342535ae51","TransformerTimeSeries|in200-out6|bs32|lr0.001|win30|feat1","LOCAL","btc_forecast/tunning_models_v3.py","user","FINISHED","32","BTCUSDT","","close","200","6","0.001","TransformerTimeSeries","50","1","30","575.8229207924134","95.97048679873556","1243.2064221197124","207.20107035328542","0.0018465854736159336","0.0018465854736159336","0.002020581454886101","0.002020581454886101","crypto-forecast","","",""
"2025-09-17 22:40:18","2.5min","0a015b8bc653469ba7a2fae7542141fb","TransformerTimeSeries|in100-out6|bs64|lr0.001|win30|feat1","LOCAL","btc_forecast/tunning_models_v3.py","user","FINISHED","64","BTCUSDT","","close","100","6","0.001","TransformerTimeSeries","50","1","30","606.1735353110297","101.02892255183828","1247.2558654193322","207.8759775698887","0.001848837261171871","0.001848837261171871","0.0020211728245856752","0.0020211728245856752","crypto-forecast","","",""
"2025-09-18 03:29:18","4.6min","426243f808824384adfb2613be90ccef","TransformerTimeSeries|in200-out6|bs64|lr0.001|win30|feat1","LOCAL","btc_forecast/tunning_models_v3.py","user","FINISHED","64","BTCUSDT","","close","200","6","0.001","TransformerTimeSeries","50","1","30","599.0676889836479","99.844614830608","1245.0500215359825","207.50833692266374","0.0018640698368969839","0.0018640698368969839","0.0020235594109410545","0.0020235594109410545","crypto-forecast","","",""
"2025-09-18 06:38:30","3.0min","1689e276a7814fe5956b9dafee9c9def","ConvFC|in200-out24|bs64|lr0.001|win30|feat1","LOCAL","btc_forecast/tunning_models_v3.py","user","FINISHED","64","BTCUSDT","","close","200","24","0.001","ConvFC","50","1","30","1742.6697727952783","72.6112405331366","3293.328987471009","137.22204114462536","0.001662380710094296","0.001662380710094296","0.0020249485975194687","0.0020249485975194687","crypto-forecast","","",""
"2025-09-18 19:53:00","3.5min","4ee8b670549d4cd3bf51a5008a4e99b7","SimpleFC|in100-out12|bs32|lr0.0005|win15|feat2","LOCAL","btc_forecast/tunning_models_v3.py","user","FINISHED","32","BTCUSDT","","close,high","100","12","0.0005","SimpleFC","50","2","15","1046.8589530926165","87.23824609105138","2016.516457196806","168.04303809973382","0.001786203326118295","0.001786203326118295","0.002025374240193579","0.002025374240193579","crypto-forecast","","",""
"2025-09-17 23:56:01","2.4min","c6dcb60b4801442a9bc446c2c1032cf2","ConvFC|in100-out12|bs64|lr0.001|win30|feat1","LOCAL","btc_forecast/tunning_models_v3.py","user","FINISHED","64","BTCUSDT","","close","100","12","0.001","ConvFC","50","1","30","1030.518810602067","85.87656755017225","2139.470924212365","178.28924368436375","0.0017904816859686654","0.0017904816859686654","0.0020262552238269685","0.0020262552238269685","crypto-forecast","","",""
"2025-09-18 09:50:58","2.0min","5fdb2def1d3e469292a2a2116f626c59","SimpleFC|in100-out12|bs32|lr0.0005|win15|feat2","LOCAL","btc_forecast/tunning_models_v3.py","user","FINISHED","32","BTCUSDT","","close,open","100","12","0.0005","SimpleFC","50","2","15","1044.9951198345573","87.08292665287978","2051.961930004678","170.99682750038983","0.001694535210944868","0.001694535210944868","0.0020265339071864367","0.0020265339071864367","crypto-forecast","","",""
"2025-09-18 11:13:37","3.1min","fbddd8443d374036818cdc2f7020990c","ConvFC|in100-out24|bs32|lr0.0005|win30|feat2","LOCAL","btc_forecast/tunning_models_v3.py","user","FINISHED","32","BTCUSDT","","close,open","100","24","0.0005","ConvFC","50","2","30","1736.1219818399609","72.33841590999837","3263.6274918395197","135.98447882664667","0.0016331853005338674","0.0016331853005338674","0.0020290469258808833","0.0020290469258808833","crypto-forecast","","",""
"2025-09-17 23:58:25","2.1min","d7e0dd7d9861405691164debeec97ae7","SimpleFC|in100-out12|bs64|lr0.001|win30|feat1","LOCAL","btc_forecast/tunning_models_v3.py","user","FINISHED","64","BTCUSDT","","close","100","12","0.001","SimpleFC","50","1","30","1005.1423370017784","83.76186141681487","2127.6344524592505","177.30287103827087","0.0017809139528543023","0.0017809139528543023","0.0020290480120020923","0.0020290480120020923","crypto-forecast","","",""
"2025-09-18 10:33:59","1.7min","6ddca69dd7ab483c9c27d2e22a012eb2","SimpleFC|in100-out12|bs64|lr0.0005|win15|feat2","LOCAL","btc_forecast/tunning_models_v3.py","user","FINISHED","64","BTCUSDT","","close,open","100","12","0.0005","SimpleFC","50","2","15","1034.2311670150955","86.18593058459129","2045.540973870521","170.4617478225434","0.0017026653715322467","0.0017026653715322467","0.002031097003424108","0.002031097003424108","crypto-forecast","","",""
"2025-09-18 00:03:56","3.1min","b46aadd54fde403f8779276ce0fec51c","TransformerTimeSeries|in100-out12|bs64|lr0.001|win30|feat1","LOCAL","btc_forecast/tunning_models_v3.py","user","FINISHED","64","BTCUSDT","","close","100","12","0.001","TransformerTimeSeries","50","1","30","1001.9431974246991","83.49526645205826","2112.309347293299","176.02577894110826","0.0018969789078390157","0.0018969789078390157","0.0020315100870248164","0.0020315100870248164","crypto-forecast","","",""
"2025-09-18 09:26:27","2.3min","260db68973324296827b546139d903ac","SimpleFC|in100-out12|bs32|lr0.001|win15|feat2","LOCAL","btc_forecast/tunning_models_v3.py","user","FINISHED","32","BTCUSDT","","close,open","100","12","0.001","SimpleFC","50","2","15","1047.5684841907166","87.29737368255972","2041.965255354223","170.16377127951858","0.0017208063499633936","0.0017208063499633936","0.0020315369658182253","0.0020315369658182253","crypto-forecast","","",""
"2025-09-17 23:33:29","2.1min","d73bb913eb3b46c5ad965b7950b280f2","SimpleFC|in100-out12|bs32|lr0.0005|win30|feat1","LOCAL","btc_forecast/tunning_models_v3.py","user","FINISHED","32","BTCUSDT","","close","100","12","0.0005","SimpleFC","50","1","30","999.3211071513771","83.27675892928143","2128.346812225515","177.36223435212625","0.00178483271817616","0.00178483271817616","0.0020322650821093845","0.0020322650821093845","crypto-forecast","","",""
"2025-09-18 10:39:35","4.0min","470df60a00f944b196723f4e53e2c6b9","TransformerTimeSeries|in100-out12|bs64|lr0.0005|win15|feat2","LOCAL","btc_forecast/tunning_models_v3.py","user","FINISHED","64","BTCUSDT","","close,open","100","12","0.0005","TransformerTimeSeries","50","2","15","1045.9421983822106","87.16184986518421","2004.5856553113797","167.04880460928163","0.001764674086282758","0.001764674086282758","0.0020329074361609017","0.0020329074361609017","crypto-forecast","","",""
"2025-09-17 22:13:57","1.8min","97c30638fa1d4fdea711e0399e540e86","ConvFC|in100-out6|bs32|lr0.0005|win30|feat1","LOCAL","btc_forecast/tunning_models_v3.py","user","FINISHED","32","BTCUSDT","","close","100","6","0.0005","ConvFC","50","1","30","599.5187800471882","99.91979667453137","1250.6898253925956","208.44830423209928","0.0018021960168120685","0.0018021960168120685","0.002034722302873295","0.002034722302873295","crypto-forecast","","",""
"2025-09-18 05:22:49","5.7min","53efdb889b284bf4b7f95c850fd8162a","TransformerTimeSeries|in200-out12|bs64|lr0.0005|win30|feat1","LOCAL","btc_forecast/tunning_models_v3.py","user","FINISHED","64","BTCUSDT","","close","200","12","0.0005","TransformerTimeSeries","50","1","30","970.0477502965541","80.83731252471284","2095.8133855790256","174.6511154649188","0.0018675899160468625","0.0018675899160468625","0.0020354946771352915","0.0020354946771352915","crypto-forecast","","",""
"2025-09-18 04:34:02","5.6min","b319647e56da48fca2b8bbc352b829ea","TransformerTimeSeries|in200-out12|bs32|lr0.0005|win30|feat1","LOCAL","btc_forecast/tunning_models_v3.py","user","FINISHED","32","BTCUSDT","","close","200","12","0.0005","TransformerTimeSeries","50","1","30","968.469256936048","80.70577141133734","2092.9995297198075","174.41662747665063","0.0018605687019187494","0.0018605687019187494","0.0020360661946166843","0.0020360661946166843","crypto-forecast","","",""
"2025-09-18 20:41:21","2.7min","fe8eec1b11df401b824df1b01cf74420","SimpleFC|in100-out12|bs64|lr0.0005|win15|feat2","LOCAL","btc_forecast/tunning_models_v3.py","user","FINISHED","64","BTCUSDT","","close,high","100","12","0.0005","SimpleFC","50","2","15","1024.0186726878371","85.33488939065309","2019.2750499762462","168.27292083135384","0.001797438901385985","0.001797438901385985","0.0020377271660915147","0.0020377271660915147","crypto-forecast","","",""
"2025-09-18 20:38:20","3.0min","31bf3718efbb4fc680fdb25e97dfda75","ConvFC|in100-out12|bs64|lr0.0005|win15|feat2","LOCAL","btc_forecast/tunning_models_v3.py","user","FINISHED","64","BTCUSDT","","close,high","100","12","0.0005","ConvFC","50","2","15","1037.5556587990354","86.46297156658629","2014.9045070824457","167.90870892353715","0.0017500697002415283","0.0017500697002415283","0.0020383396005968827","0.0020383396005968827","crypto-forecast","","",""
"2025-09-18 01:40:21","2.8min","eaf2a1fe62dc4b25a30307a6f87ce518","SimpleFC|in100-out24|bs64|lr0.001|win30|feat1","LOCAL","btc_forecast/tunning_models_v3.py","user","FINISHED","64","BTCUSDT","","close","100","24","0.001","SimpleFC","50","1","30","1827.0818893298824","76.12841205541177","3345.902928668297","139.4126220278457","0.001663503961989577","0.001663503961989577","0.0020386003894064405","0.0020386003894064405","crypto-forecast","","",""
"2025-09-18 16:49:10","2.9min","15aa7dd5d05446e5941feddd2bc9f792","ConvFC|in200-out24|bs64|lr0.001|win30|feat2","LOCAL","btc_forecast/tunning_models_v3.py","user","FINISHED","64","BTCUSDT","","close,open","200","24","0.001","ConvFC","50","2","30","1752.112677638031","73.00469490158463","3348.572720835709","139.52386336815454","0.0016462657027131657","0.0016462657027131657","0.0020388723363070206","0.0020388723363070206","crypto-forecast","","",""
"2025-09-18 00:40:44","3.1min","77c5de0a1cc34e9885d2b40d0ccd2e4b","SimpleFC|in100-out24|bs32|lr0.001|win30|feat1","LOCAL","btc_forecast/tunning_models_v3.py","user","FINISHED","32","BTCUSDT","","close","100","24","0.001","SimpleFC","50","1","30","1644.2893443144126","68.51205601310052","3201.7654959277747","133.40689566365728","0.0016900063908640384","0.0016900063908640384","0.002039577057031866","0.002039577057031866","crypto-forecast","","",""
"2025-09-18 04:11:24","5.6min","ff1c3ba6960d4cd2bfa3a172892d12e7","TransformerTimeSeries|in200-out12|bs32|lr0.001|win30|feat1","LOCAL","btc_forecast/tunning_models_v3.py","user","FINISHED","32","BTCUSDT","","close","200","12","0.001","TransformerTimeSeries","50","1","30","969.8844664297699","80.82370553581416","2093.9511514311616","174.49592928593015","0.001812137378611252","0.001812137378611252","0.0020397230786896097","0.0020397230786896097","crypto-forecast","","",""
"2025-09-18 02:31:29","2.6min","98b22fe6e8c347a4921e0d9b74f7fd65","SimpleFC|in200-out6|bs32|lr0.001|win30|feat1","LOCAL","btc_forecast/tunning_models_v3.py","user","FINISHED","32","BTCUSDT","","close","200","6","0.001","SimpleFC","50","1","30","575.0570678710089","95.84284464516816","1254.066334660073","209.01105577667883","0.0018664961772044658","0.0018664961772044658","0.0020431536578031147","0.0020431536578031147","crypto-forecast","","",""
"2025-09-18 22:24:34","3.6min","d008abefa0464aa59e1ff31d5651dd44","SimpleFC|in100-out24|bs64|lr0.0005|win30|feat2","LOCAL","btc_forecast/tunning_models_v3.py","user","FINISHED","64","BTCUSDT","","close,high","100","24","0.0005","SimpleFC","50","2","30","1891.6038747174944","78.81682811322894","3380.870141611918","140.8695892338299","0.001588243869211862","0.001588243869211862","0.0020433620041194664","0.0020433620041194664","crypto-forecast","","",""
"2025-09-18 17:20:11","3.2min","71cbfd9b6dff48cf8f0cfd58005c50c0","SimpleFC|in200-out24|bs64|lr0.0005|win30|feat2","LOCAL","btc_forecast/tunning_models_v3.py","user","FINISHED","64","BTCUSDT","","close,open","200","24","0.0005","SimpleFC","50","2","30","1652.1542482954935","68.83976034564556","3225.8353780085704","134.40980741702376","0.001683501878841697","0.001683501878841697","0.00204446982681775","0.00204446982681775","crypto-forecast","","",""
"2025-09-17 23:07:11","3.1min","3b7373e7c725411fbca6e805e8d57ab9","ConvFC|in100-out12|bs32|lr0.001|win30|feat1","LOCAL","btc_forecast/tunning_models_v3.py","user","FINISHED","32","BTCUSDT","","close","100","12","0.001","ConvFC","50","1","30","1001.8002106288037","83.48335088573364","2141.209121520832","178.43409346006933","0.0017647636120404803","0.0017647636120404803","0.0020447401943937695","0.0020447401943937695","crypto-forecast","","",""
"2025-09-18 00:24:10","2.4min","f6ac686c3f754417bd789cd5948049e6","TransformerTimeSeries|in100-out12|bs64|lr0.0005|win30|feat1","LOCAL","btc_forecast/tunning_models_v3.py","user","FINISHED","64","BTCUSDT","","close","100","12","0.0005","TransformerTimeSeries","50","1","30","994.816002557614","82.90133354646782","2102.4260383125334","175.2021698593778","0.0019375204784311457","0.0019375204784311457","0.0020453355042826258","0.0020453355042826258","crypto-forecast","","",""
"2025-09-18 11:59:11","3.0min","6c014ae11d1040509885b27b61836d7c","TransformerTimeSeries|in100-out24|bs64|lr0.001|win30|feat2","LOCAL","btc_forecast/tunning_models_v3.py","user","FINISHED","64","BTCUSDT","","close,open","100","24","0.001","TransformerTimeSeries","50","2","30","1920.818755527888","80.034114813662","3455.107732801329","143.96282220005537","0.0017424515670961323","0.0017424515670961323","0.0020496108791209387","0.0020496108791209387","crypto-forecast","","",""
"2025-09-18 10:31:17","2.7min","5b90e609a3f945f5a6827648a2978458","ConvFC|in100-out12|bs64|lr0.0005|win15|feat2","LOCAL","btc_forecast/tunning_models_v3.py","user","FINISHED","64","BTCUSDT","","close,open","100","12","0.0005","ConvFC","50","2","15","1056.092076730855","88.0076730609046","2033.927214413481","169.49393453445674","0.0016486776640717916","0.0016486776640717916","0.002050393220241933","0.002050393220241933","crypto-forecast","","",""
"2025-09-18 10:02:26","2.0min","0440d8d8647c46a783e4a10b426f1da1","SimpleFC|in100-out12|bs64|lr0.001|win30|feat2","LOCAL","btc_forecast/tunning_models_v3.py","user","FINISHED","64","BTCUSDT","","close,open","100","12","0.001","SimpleFC","50","2","30","1205.3107505765574","100.44256254804645","2270.6958956228273","189.22465796856895","0.0016952804423100859","0.0016952804423100859","0.002050927365935466","0.002050927365935466","crypto-forecast","","",""
"2025-09-18 19:49:53","3.1min","27b22ad246564f0bbad72d39662b4a00","ConvFC|in100-out12|bs32|lr0.0005|win15|feat2","LOCAL","btc_forecast/tunning_models_v3.py","user","FINISHED","32","BTCUSDT","","close,high","100","12","0.0005","ConvFC","50","2","15","1039.197600271878","86.5998000226565","2003.8424566535803","166.98687138779835","0.001771492727184847","0.001771492727184847","0.0020524433340594972","0.0020524433340594972","crypto-forecast","","",""
"2025-09-18 20:54:42","3.0min","cc5b6b3f56fe43eeaa9603ed2d14f9e7","SimpleFC|in100-out24|bs32|lr0.001|win30|feat2","LOCAL","btc_forecast/tunning_models_v3.py","user","FINISHED","32","BTCUSDT","","close,high","100","24","0.001","SimpleFC","50","2","30","1830.265836499851","76.26107652082713","3326.753364376533","138.6147235156889","0.0016667231822978608","0.0016667231822978608","0.0020535721989887864","0.0020535721989887864","crypto-forecast","","",""
"2025-09-18 09:24:21","2.1min","f950c4af41b140e5b304fb336d5f6775","ConvFC|in100-out12|bs32|lr0.001|win15|feat2","LOCAL","btc_forecast/tunning_models_v3.py","user","FINISHED","32","BTCUSDT","","close,open","100","12","0.001","ConvFC","50","2","15","1050.6834113433733","87.55695094528112","2017.6063151219962","168.1338595934997","0.0017075475407082432","0.0017075475407082432","0.0020542534825769994","0.0020542534825769994","crypto-forecast","","",""
"2025-09-18 03:44:18","2.3min","c1d8bb44abbd438a8e88fb9dd1fde5f1","SimpleFC|in200-out6|bs64|lr0.0005|win30|feat1","LOCAL","btc_forecast/tunning_models_v3.py","user","FINISHED","64","BTCUSDT","","close","200","6","0.0005","SimpleFC","50","1","30","612.1028080893528","102.0171346815588","1260.005381940974","210.00089699016235","0.0018566985971850318","0.0018566985971850318","0.0020549069602354385","0.0020549069602354385","crypto-forecast","","",""
"2025-09-17 22:36:16","1.8min","61bdeaa847c447e68e50f1e28b499efa","SimpleFC|in100-out6|bs64|lr0.001|win30|feat1","LOCAL","btc_forecast/tunning_models_v3.py","user","FINISHED","64","BTCUSDT","","close","100","6","0.001","SimpleFC","50","1","30","645.654813940575","107.60913565676249","1271.153320323942","211.85888672065698","0.0018294926875543017","0.0018294926875543017","0.00205563953844268","0.00205563953844268","crypto-forecast","","",""
"2025-09-18 16:52:02","2.8min","a50ec76a50894293b90545ed16929e3b","SimpleFC|in200-out24|bs64|lr0.001|win30|feat2","LOCAL","btc_forecast/tunning_models_v3.py","user","FINISHED","64","BTCUSDT","","close,open","200","24","0.001","SimpleFC","50","2","30","1711.0495796459654","71.29373248524855","3254.880761129104","135.62003171371268","0.0017240240060541127","0.0017240240060541127","0.002059982306623743","0.002059982306623743","crypto-forecast","","",""
"2025-09-18 02:06:06","2.9min","9cf21da3ddc64f9f8a57a758700bcf1d","SimpleFC|in100-out24|bs64|lr0.0005|win30|feat1","LOCAL","btc_forecast/tunning_models_v3.py","user","FINISHED","64","BTCUSDT","","close","100","24","0.0005","SimpleFC","50","1","30","1745.8013871140984","72.74172446308744","3270.633335921412","136.2763889967255","0.0016391784886430965","0.0016391784886430965","0.002060298396598948","0.002060298396598948","crypto-forecast","","",""
"2025-09-18 06:47:50","5.4min","8403e77fff6d4b7e8686e4003f2bd57d","TransformerTimeSeries|in200-out24|bs64|lr0.001|win30|feat1","LOCAL","btc_forecast/tunning_models_v3.py","user","FINISHED","64","BTCUSDT","","close","200","24","0.001","TransformerTimeSeries","50","1","30","1618.4769146705153","67.43653811127147","3193.233082276497","133.05137842818738","0.0017088346211002702","0.0017088346211002702","0.002061277169842178","0.002061277169842178","crypto-forecast","","",""
"2025-09-18 06:07:01","3.4min","1e6a90976e6841eb9c279fb109509dd4","ConvFC|in200-out24|bs32|lr0.0005|win30|feat1","LOCAL","btc_forecast/tunning_models_v3.py","user","FINISHED","32","BTCUSDT","","close","200","24","0.0005","ConvFC","50","1","30","1709.4142727496346","71.22559469790144","3282.558211174435","136.7732587989348","0.001631153583973204","0.001631153583973204","0.002061374613264541","0.002061374613264541","crypto-forecast","","",""
"2025-09-18 21:42:47","5.1min","aa878a071d11452da4b2f6cec6f55e78","GRUStacked|in100-out24|bs32|lr0.0005|win15|feat2","LOCAL","btc_forecast/tunning_models_v3.py","user","FINISHED","32","BTCUSDT","","close,high","100","24","0.0005","GRUStacked","50","2","15","1818.0594779932903","75.75247824972043","3957.577020093997","164.89904250391655","0.0015831645954278533","0.0015831645954278533","0.0020637049817288653","0.0020637049817288653","crypto-forecast","","",""
"2025-09-18 03:42:10","2.1min","c153e522de894971b92b9fa556925cde","ConvFC|in200-out6|bs64|lr0.0005|win30|feat1","LOCAL","btc_forecast/tunning_models_v3.py","user","FINISHED","64","BTCUSDT","","close","200","6","0.0005","ConvFC","50","1","30","600.0764821834463","100.01274703057437","1241.9011945011925","206.98353241686542","0.0018315619342778508","0.0018315619342778508","0.002065095028617347","0.002065095028617347","crypto-forecast","","",""
"2025-09-17 22:01:08","3.4min","00596c881c774eebb8a4502488948575","TransformerTimeSeries|in100-out6|bs32|lr0.001|win30|feat1","LOCAL","btc_forecast/tunning_models_v3.py","user","FINISHED","32","BTCUSDT","","close","100","6","0.001","TransformerTimeSeries","50","1","30","640.6738942003011","106.77898236671685","1274.7564721161962","212.45941201936603","0.001844092177335171","0.001844092177335171","0.0020656387398558206","0.0020656387398558206","crypto-forecast","","",""
"2025-09-18 10:09:01","2.1min","8270efcd96de4db69dc9ea285e924178","ConvFC|in100-out12|bs64|lr0.001|win15|feat2","LOCAL","btc_forecast/tunning_models_v3.py","user","FINISHED","64","BTCUSDT","","close,open","100","12","0.001","ConvFC","50","2","15","1048.9504609159749","87.41253840966458","2020.8500826265658","168.40417355221382","0.0016975919635415803","0.0016975919635415803","0.0020667568358405976","0.0020667568358405976","crypto-forecast","","",""
"2025-09-18 22:35:46","3.8min","88b8fb01c21f44e884198e5fc37f0141","ConvFC|in100-out24|bs64|lr0.0005|win15|feat2","LOCAL","btc_forecast/tunning_models_v3.py","user","FINISHED","64","BTCUSDT","","close,high","100","24","0.0005","ConvFC","50","2","15","1834.6595382965872","76.44414742902447","4063.3725273160944","169.3071886381706","0.0017946109469355288","0.0017946109469355288","0.002070931513499354","0.002070931513499354","crypto-forecast","","",""
"2025-09-18 03:23:32","2.5min","c6d109aadc774e31ba5bff2847cc1c1c","SimpleFC|in200-out6|bs64|lr0.001|win30|feat1","LOCAL","btc_forecast/tunning_models_v3.py","user","FINISHED","64","BTCUSDT","","close","200","6","0.001","SimpleFC","50","1","30","623.3543673365618","103.89239455609363","1264.7135809716124","210.78559682860205","0.0018655966035060923","0.0018655966035060923","0.00207265386585648","0.00207265386585648","crypto-forecast","","",""
"2025-09-18 04:55:00","2.5min","4c40402f5b7b448cb739eb50dccc7dfb","ConvFC|in200-out12|bs64|lr0.001|win30|feat1","LOCAL","btc_forecast/tunning_models_v3.py","user","FINISHED","64","BTCUSDT","","close","200","12","0.001","ConvFC","50","1","30","1011.0568656511184","84.25473880425987","2137.7461356146823","178.14551130122354","0.0017735541147561654","0.0017735541147561654","0.0020743029660294375","0.0020743029660294375","crypto-forecast","","",""
"2025-09-18 19:28:05","2.3min","9a12485d6a90494b8bd0ca60331a8df8","SimpleFC|in100-out12|bs32|lr0.001|win15|feat2","LOCAL","btc_forecast/tunning_models_v3.py","user","FINISHED","32","BTCUSDT","","close,high","100","12","0.001","SimpleFC","50","2","15","1019.3397174953958","84.94497645794965","2001.1706601893259","166.76422168244383","0.0018652307012709897","0.0018652307012709897","0.002074587534238435","0.002074587534238435","crypto-forecast","","",""
"2025-09-18 01:03:26","3.6min","fc56156bb34044dea433e17c35b98496","ConvFC|in100-out24|bs32|lr0.0005|win30|feat1","LOCAL","btc_forecast/tunning_models_v3.py","user","FINISHED","32","BTCUSDT","","close","100","24","0.0005","ConvFC","50","1","30","1734.2278536414435","72.25949390172681","3295.418062598699","137.30908594161247","0.0016242365657870308","0.0016242365657870308","0.0020747501634728895","0.0020747501634728895","crypto-forecast","","",""
"2025-09-17 23:31:18","2.2min","ec3a98f0a5724a169e8d48250f366e76","ConvFC|in100-out12|bs32|lr0.0005|win30|feat1","LOCAL","btc_forecast/tunning_models_v3.py","user","FINISHED","32","BTCUSDT","","close","100","12","0.0005","ConvFC","50","1","30","1026.9756871943118","85.58130726619265","2140.941383732703","178.41178197772524","0.0018582127279978802","0.0018582127279978802","0.0020750118018823096","0.0020750118018823096","crypto-forecast","","",""
"2025-09-18 20:17:51","2.1min","817a4aa64ec141fd9140f41ecf57344b","ConvFC|in100-out12|bs64|lr0.001|win15|feat2","LOCAL","btc_forecast/tunning_models_v3.py","user","FINISHED","64","BTCUSDT","","close,high","100","12","0.001","ConvFC","50","2","15","1065.1790104951676","88.76491754126397","2037.1594558914483","169.763287990954","0.001781265325435477","0.001781265325435477","0.002076673191231968","0.002076673191231968","crypto-forecast","","",""
"2025-09-18 15:33:10","2.7min","07708afdc5ad4b1fa377478a96b21e84","ConvFC|in200-out12|bs64|lr0.0005|win15|feat2","LOCAL","btc_forecast/tunning_models_v3.py","user","FINISHED","64","BTCUSDT","","close,open","200","12","0.0005","ConvFC","50","2","15","1050.5788237206182","87.54823531005151","2048.0718827179567","170.67265689316307","0.001625767687288852","0.001625767687288852","0.0020787981436989106","0.0020787981436989106","crypto-forecast","","",""
"2025-09-18 06:18:25","4.2min","aec956c3beb44f339911cd6dc0276a1c","TransformerTimeSeries|in200-out24|bs32|lr0.0005|win30|feat1","LOCAL","btc_forecast/tunning_models_v3.py","user","FINISHED","32","BTCUSDT","","close","200","24","0.0005","TransformerTimeSeries","50","1","30","1678.6531093722565","69.94387955717735","3230.1995360071082","134.5916473336295","0.0018004123780893063","0.0018004123780893063","0.0020792866577661975","0.0020792866577661975","crypto-forecast","","",""
"2025-09-18 19:33:49","4.1min","234744ebfd5d411985b7e1cef0022540","TransformerTimeSeries|in100-out12|bs32|lr0.001|win15|feat2","LOCAL","btc_forecast/tunning_models_v3.py","user","FINISHED","32","BTCUSDT","","close,high","100","12","0.001","TransformerTimeSeries","50","2","15","1034.3780810712453","86.19817342260377","1999.281008513134","166.60675070942784","0.0018604740668166446","0.0018604740668166446","0.002079387142262219","0.002079387142262219","crypto-forecast","","",""
"2025-09-18 02:29:49","1.7min","4236a9968be7443d919c1756ce307b29","ConvFC|in200-out6|bs32|lr0.001|win30|feat1","LOCAL","btc_forecast/tunning_models_v3.py","user","FINISHED","32","BTCUSDT","","close","200","6","0.001","ConvFC","50","1","30","606.0215466128147","101.00359110213579","1249.8489989117415","208.30816648529026","0.001754339859205038","0.001754339859205038","0.0020793878623357196","0.0020793878623357196","crypto-forecast","","",""
"2025-09-18 06:10:24","3.7min","e99c68fedd4843ccab5a9201f1208785","SimpleFC|in200-out24|bs32|lr0.0005|win30|feat1","LOCAL","btc_forecast/tunning_models_v3.py","user","FINISHED","32","BTCUSDT","","close","200","24","0.0005","SimpleFC","50","1","30","1662.0810465327045","69.25337693886269","3213.5707973709646","133.8987832237902","0.0016451394936154453","0.0016451394936154453","0.0020797237294748095","0.0020797237294748095","crypto-forecast","","",""
"2025-09-17 21:57:19","1.5min","18aed7f92fda48ddbe92e7398ed6f5d4","SimpleFC|in100-out6|bs32|lr0.001|win30|feat1","LOCAL","btc_forecast/tunning_models_v3.py","user","FINISHED","32","BTCUSDT","","close","100","6","0.001","SimpleFC","50","1","30","625.8114997768986","104.3019166294831","1272.5911395607357","212.09852326012262","0.001881980445593358","0.001881980445593358","0.0020804099782113015","0.0020804099782113015","crypto-forecast","","",""
"2025-09-18 03:21:41","1.8min","17692809d4864f4f984737f290747114","ConvFC|in200-out6|bs64|lr0.001|win30|feat1","LOCAL","btc_forecast/tunning_models_v3.py","user","FINISHED","64","BTCUSDT","","close","200","6","0.001","ConvFC","50","1","30","617.9302641409611","102.98837735682685","1263.0420698554988","210.50701164258314","0.0017901913293648865","0.0017901913293648865","0.0020846950738787995","0.0020846950738787995","crypto-forecast","","",""
"2025-09-18 03:49:56","4.8min","d0fe5340457948dfa310ab757de9ce2e","TransformerTimeSeries|in200-out6|bs64|lr0.0005|win30|feat1","LOCAL","btc_forecast/tunning_models_v3.py","user","FINISHED","64","BTCUSDT","","close","200","6","0.0005","TransformerTimeSeries","50","1","30","619.9810789537828","103.33017982563047","1273.3837464539183","212.2306244089864","0.0018543748956390156","0.0018543748956390156","0.0020869726899195263","0.0020869726899195263","crypto-forecast","","",""
"2025-09-17 22:53:05","1.8min","8420ced379c24cd8856ace4b99b0f7ce","SimpleFC|in100-out6|bs64|lr0.0005|win30|feat1","LOCAL","btc_forecast/tunning_models_v3.py","user","FINISHED","64","BTCUSDT","","close","100","6","0.0005","SimpleFC","50","1","30","641.4562135120426","106.90936891867376","1268.3016088672307","211.3836014778718","0.0018120913109033073","0.0018120913109033073","0.002089920922903488","0.002089920922903488","crypto-forecast","","",""
"2025-09-17 23:15:07","3.5min","6d7f8f7e8ba54cb28b581b1e23407ba0","TransformerTimeSeries|in100-out12|bs32|lr0.001|win30|feat1","LOCAL","btc_forecast/tunning_models_v3.py","user","FINISHED","32","BTCUSDT","","close","100","12","0.001","TransformerTimeSeries","50","1","30","1002.9685728237009","83.58071440197507","2102.3739992542764","175.1978332711897","0.0018691947560964502","0.0018691947560964502","0.0020907571528421586","0.0020907571528421586","crypto-forecast","","",""
"2025-09-18 10:16:23","2.5min","689dba73aaea4470998afc9625150089","TransformerTimeSeries|in100-out12|bs64|lr0.001|win15|feat2","LOCAL","btc_forecast/tunning_models_v3.py","user","FINISHED","64","BTCUSDT","","close,open","100","12","0.001","TransformerTimeSeries","50","2","15","1089.8785176766455","90.82320980638713","2034.5898850551223","169.54915708792686","0.0018385864197965123","0.0018385864197965123","0.002093471301852271","0.002093471301852271","crypto-forecast","","",""
"2025-09-18 16:24:30","5.7min","f143b41a46ef41bea8e8b033609fbc17","TransformerTimeSeries|in200-out24|bs32|lr0.0005|win30|feat2","LOCAL","btc_forecast/tunning_models_v3.py","user","FINISHED","32","BTCUSDT","","close,open","200","24","0.0005","TransformerTimeSeries","50","2","30","1743.585081375787","72.64937839065779","3322.202052431954","138.4250855179981","0.001627397243072441","0.001627397243072441","0.0020969756236645437","0.0020969756236645437","crypto-forecast","","",""
"2025-09-18 00:16:39","2.5min","af64e68261574a1c94927c808aa927c8","ConvFC|in100-out12|bs64|lr0.0005|win30|feat1","LOCAL","btc_forecast/tunning_models_v3.py","user","FINISHED","64","BTCUSDT","","close","100","12","0.0005","ConvFC","50","1","30","1024.5013978121467","85.37511648434555","2122.9815482384174","176.91512901986812","0.0017994555099503187","0.0017994555099503187","0.0020978137726191397","0.0020978137726191397","crypto-forecast","","",""
"2025-09-17 23:10:17","2.2min","e7b012d977ef46ccbd095a82a2885869","SimpleFC|in100-out12|bs32|lr0.001|win30|feat1","LOCAL","btc_forecast/tunning_models_v3.py","user","FINISHED","32","BTCUSDT","","close","100","12","0.001","SimpleFC","50","1","30","1064.9195006844034","88.74329172370028","2165.5443986062437","180.46203321718698","0.0018104039117094327","0.0018104039117094327","0.002099673845383433","0.002099673845383433","crypto-forecast","","",""
"2025-09-18 14:17:12","2.7min","62ef616459484e1885af1f0ee3ddb85b","ConvFC|in200-out12|bs32|lr0.001|win15|feat2","LOCAL","btc_forecast/tunning_models_v3.py","user","FINISHED","32","BTCUSDT","","close,open","200","12","0.001","ConvFC","50","2","15","1047.7392244720954","87.31160203934128","2005.8983124762976","167.15819270635814","0.001735985746946342","0.001735985746946342","0.0021014854232208474","0.0021014854232208474","crypto-forecast","","",""
"2025-09-18 04:57:31","1.5min","596af6e2351747afbe9941e54288c6ee","SimpleFC|in200-out12|bs64|lr0.001|win30|feat1","LOCAL","btc_forecast/tunning_models_v3.py","user","FINISHED","64","BTCUSDT","","close","200","12","0.001","SimpleFC","50","1","30","1045.30671322191","87.10889276849251","2148.447788339132","179.03731569492766","0.001845167941629036","0.001845167941629036","0.002111505299978392","0.002111505299978392","crypto-forecast","","",""
"2025-09-18 14:43:00","1.9min","e1874e07cdcf42d2a25ef6572e8ce26f","ConvFC|in200-out12|bs32|lr0.0005|win15|feat2","LOCAL","btc_forecast/tunning_models_v3.py","user","FINISHED","32","BTCUSDT","","close,open","200","12","0.0005","ConvFC","50","2","15","1090.1893078841301","90.84910899034418","2099.6020645954704","174.9668387162892","0.0016976402114251784","0.0016976402114251784","0.00211305774270626","0.00211305774270626","crypto-forecast","","",""
"2025-09-18 20:20:01","2.0min","6567db6f5e494380bc7b263293bb28f3","SimpleFC|in100-out12|bs64|lr0.001|win15|feat2","LOCAL","btc_forecast/tunning_models_v3.py","user","FINISHED","64","BTCUSDT","","close,high","100","12","0.001","SimpleFC","50","2","15","1111.203319791409","92.60027664928408","2052.515900329029","171.04299169408577","0.0018718471456464732","0.0018718471456464732","0.0021141839831176658","0.0021141839831176658","crypto-forecast","","",""
"2025-09-17 23:38:44","3.0min","b1c2a65b9f4b437aaed4f524f4bf92fb","TransformerTimeSeries|in100-out12|bs32|lr0.0005|win30|feat1","LOCAL","btc_forecast/tunning_models_v3.py","user","FINISHED","32","BTCUSDT","","close","100","12","0.0005","TransformerTimeSeries","50","1","30","1013.7555381929435","84.47962818274529","2128.07920575177","177.3399338126475","0.0018985955834925027","0.0018985955834925027","0.0021146439887539106","0.0021146439887539106","crypto-forecast","","",""
"2025-09-18 22:05:58","3.3min","fcfb14d84fd14456897dfb3ff9a6a3b2","ConvFC|in100-out24|bs64|lr0.001|win15|feat2","LOCAL","btc_forecast/tunning_models_v3.py","user","FINISHED","64","BTCUSDT","","close,high","100","24","0.001","ConvFC","50","2","15","1833.4056781351226","76.39190325563011","4074.0835985029107","169.7534832709546","0.0017907044071632607","0.0017907044071632607","0.0021176102995374216","0.0021176102995374216","crypto-forecast","","",""
"2025-09-18 15:49:01","3.1min","f8c574cff1874aef8ab476a4d1ee0c9f","SimpleFC|in200-out24|bs32|lr0.001|win30|feat2","LOCAL","btc_forecast/tunning_models_v3.py","user","FINISHED","32","BTCUSDT","","close,open","200","24","0.001","SimpleFC","50","2","30","1948.7098795139866","81.19624497974944","3498.582957302796","145.7742898876165","0.0017433996943350565","0.0017433996943350565","0.002121859180231589","0.002121859180231589","crypto-forecast","","",""
"2025-09-18 07:19:39","6.1min","f7dcd250e9154fcfa2f2b423408d5d05","TransformerTimeSeries|in200-out24|bs64|lr0.0005|win30|feat1","LOCAL","btc_forecast/tunning_models_v3.py","user","FINISHED","64","BTCUSDT","","close","200","24","0.0005","TransformerTimeSeries","50","1","30","1696.8073059130497","70.70030441304374","3222.1911112939365","134.25796297058068","0.0017356271447198776","0.0017356271447198776","0.0021228545632660367","0.0021228545632660367","crypto-forecast","","",""
"2025-09-18 05:15:54","2.2min","cc6a6079b19a471f974014f2f4deb0d4","ConvFC|in200-out12|bs64|lr0.0005|win30|feat1","LOCAL","btc_forecast/tunning_models_v3.py","user","FINISHED","64","BTCUSDT","","close","200","12","0.0005","ConvFC","50","1","30","1065.9973260831566","88.83311050692971","2205.333581335712","183.77779844464268","0.0018673068385806953","0.0018673068385806953","0.002124708439014373","0.002124708439014373","crypto-forecast","","",""
"2025-09-18 12:17:13","2.5min","632ed51dd2984f6187b406b03d245b0c","SimpleFC|in100-out24|bs64|lr0.0005|win30|feat2","LOCAL","btc_forecast/tunning_models_v3.py","user","FINISHED","64","BTCUSDT","","close,open","100","24","0.0005","SimpleFC","50","2","30","1843.9849482025859","76.83270617510775","3336.280302108968","139.01167925454033","0.0016917142915968695","0.0016917142915968695","0.002129751742591942","0.002129751742591942","crypto-forecast","","",""
"2025-09-18 21:36:00","3.1min","9d7135bbe28a4847894664caeab06a21","ConvFC|in100-out24|bs32|lr0.0005|win15|feat2","LOCAL","btc_forecast/tunning_models_v3.py","user","FINISHED","32","BTCUSDT","","close,high","100","24","0.0005","ConvFC","50","2","15","1851.7321629705095","77.1555067904379","4112.108846490382","171.33786860376594","0.0018193784230816968","0.0018193784230816968","0.002130569544955295","0.002130569544955295","crypto-forecast","","",""
"2025-09-18 04:26:28","2.5min","3589f30245da43ceb3e67301873773f3","ConvFC|in200-out12|bs32|lr0.0005|win30|feat1","LOCAL","btc_forecast/tunning_models_v3.py","user","FINISHED","32","BTCUSDT","","close","200","12","0.0005","ConvFC","50","1","30","1015.7074765936328","84.64228971613606","2137.201995903189","178.10016632526575","0.0017542882580135564","0.0017542882580135564","0.002132930159842122","0.002132930159842122","crypto-forecast","","",""
"2025-09-17 22:20:19","2.6min","13e8f8b7105840a7a5c9419caf1d7429","TransformerTimeSeries|in100-out6|bs32|lr0.0005|win30|feat1","LOCAL","btc_forecast/tunning_models_v3.py","user","FINISHED","32","BTCUSDT","","close","100","6","0.0005","TransformerTimeSeries","50","1","30","682.8501892718529","113.80836487864214","1292.94597137437","215.49099522906167","0.0019066899296304144","0.0019066899296304144","0.0021330314015762675","0.0021330314015762675","crypto-forecast","","",""
"2025-09-18 02:52:45","1.7min","5f97f748c4ac4e428ec0275d91bc32a5","SimpleFC|in200-out6|bs32|lr0.0005|win30|feat1","LOCAL","btc_forecast/tunning_models_v3.py","user","FINISHED","32","BTCUSDT","","close","200","6","0.0005","SimpleFC","50","1","30","669.3465293163097","111.55775488605161","1301.3514657334633","216.89191095557723","0.0019010312499472375","0.0019010312499472375","0.0021331898278642873","0.0021331898278642873","crypto-forecast","","",""
"2025-09-18 15:08:14","2.4min","3b396c9722d54279bf83cf7924c26143","ConvFC|in200-out12|bs64|lr0.001|win15|feat2","LOCAL","btc_forecast/tunning_models_v3.py","user","FINISHED","64","BTCUSDT","","close,open","200","12","0.001","ConvFC","50","2","15","1079.842343476307","89.98686195635891","2265.6023488292126","188.80019573576772","0.001677564800072569","0.001677564800072569","0.0021357800845719097","0.0021357800845719097","crypto-forecast","","",""
"2025-09-17 21:55:09","2.2min","23159a8942b4438e8a6a77e5b6ec3012","ConvFC|in100-out6|bs32|lr0.001|win30|feat1","LOCAL","btc_forecast/tunning_models_v3.py","user","FINISHED","32","BTCUSDT","","close","100","6","0.001","ConvFC","50","1","30","684.4236940234446","114.0706156705741","1297.029948147323","216.17165802455384","0.0017650058551585118","0.0017650058551585118","0.0021360637962096595","0.0021360637962096595","crypto-forecast","","",""
"2025-09-18 20:48:23","3.2min","ca039ca2a9a14da48b54e160951426de","TransformerTimeSeries|in100-out12|bs64|lr0.0005|win15|feat2","LOCAL","btc_forecast/tunning_models_v3.py","user","FINISHED","64","BTCUSDT","","close,high","100","12","0.0005","TransformerTimeSeries","50","2","15","1074.9594731003663","89.57995609169718","2021.5271978994588","168.4605998249549","0.001913283289977399","0.001913283289977399","0.002137615748513535","0.002137615748513535","crypto-forecast","","",""
"2025-09-18 05:18:05","1.8min","a46d055e23da43c4ab18bfeedba1a08d","SimpleFC|in200-out12|bs64|lr0.0005|win30|feat1","LOCAL","btc_forecast/tunning_models_v3.py","user","FINISHED","64","BTCUSDT","","close","200","12","0.0005","SimpleFC","50","1","30","1024.5196244560934","85.37663537134112","2145.6651647468307","178.80543039556923","0.001788487852063604","0.001788487852063604","0.002138890596081218","0.002138890596081218","crypto-forecast","","",""
"2025-09-18 20:24:39","2.7min","c006033b3bcf43e6bf8f10aed6731b58","TransformerTimeSeries|in100-out12|bs64|lr0.001|win15|feat2","LOCAL","btc_forecast/tunning_models_v3.py","user","FINISHED","64","BTCUSDT","","close,high","100","12","0.001","TransformerTimeSeries","50","2","15","1086.1780941982388","90.51484118318656","2039.713874525575","169.97615621046458","0.0019013559505942602","0.0019013559505942602","0.0021390929561702237","0.0021390929561702237","crypto-forecast","","",""
"2025-09-18 04:04:12","2.4min","91510cfb749848a480e1d5e363594cf0","ConvFC|in200-out12|bs32|lr0.001|win30|feat1","LOCAL","btc_forecast/tunning_models_v3.py","user","FINISHED","32","BTCUSDT","","close","200","12","0.001","ConvFC","50","1","30","1051.810441001565","87.65087008346376","2185.4077149467253","182.11730957889378","0.00200039996631284","0.00200039996631284","0.0021392902005800906","0.0021392902005800906","crypto-forecast","","",""
"2025-09-18 04:06:36","2.1min","eba4b8dddff9472c8383fe34ef6484d3","SimpleFC|in200-out12|bs32|lr0.001|win30|feat1","LOCAL","btc_forecast/tunning_models_v3.py","user","FINISHED","32","BTCUSDT","","close","200","12","0.001","SimpleFC","50","1","30","1011.6563661923558","84.30469718269632","2136.3765215958274","178.0313767996523","0.0018214373364535377","0.0018214373364535377","0.0021425810029979176","0.0021425810029979176","crypto-forecast","","",""
"2025-09-18 22:39:35","2.9min","52df0caacac14591bcc8981308570c2f","SimpleFC|in100-out24|bs64|lr0.0005|win15|feat2","LOCAL","btc_forecast/tunning_models_v3.py","user","FINISHED","64","BTCUSDT","","close,high","100","24","0.0005","SimpleFC","50","2","15","1881.5590633273425","78.39829430530594","4146.9538332114535","172.78974305047723","0.001919597296369363","0.001919597296369363","0.0021430095555772556","0.0021430095555772556","crypto-forecast","","",""
"2025-09-18 07:12:03","2.7min","b162b971e8de467ca5feb17ae272cacc","SimpleFC|in200-out24|bs64|lr0.0005|win30|feat1","LOCAL","btc_forecast/tunning_models_v3.py","user","FINISHED","64","BTCUSDT","","close","200","24","0.0005","SimpleFC","50","1","30","1787.4863364004927","74.47859735002054","3299.404986863513","137.4752077859797","0.0017036882805941623","0.0017036882805941623","0.002148930744032909","0.002148930744032909","crypto-forecast","","",""
"2025-09-18 05:47:53","3.6min","a244952e478f464ab7acdb847e76bff7","TransformerTimeSeries|in200-out24|bs32|lr0.001|win30|feat1","LOCAL","btc_forecast/tunning_models_v3.py","user","FINISHED","32","BTCUSDT","","close","200","24","0.001","TransformerTimeSeries","50","1","30","1760.5318141497225","73.35549225623843","3258.05936164689","135.75247340195375","0.0017894406574448163","0.0017894406574448163","0.0021490339378871922","0.0021490339378871922","crypto-forecast","","",""
"2025-09-18 09:31:48","3.3min","4db73112ab3b4b26975c8e8fecc538f8","TransformerTimeSeries|in100-out12|bs32|lr0.001|win15|feat2","LOCAL","btc_forecast/tunning_models_v3.py","user","FINISHED","32","BTCUSDT","","close,open","100","12","0.001","TransformerTimeSeries","50","2","15","1115.281754630144","92.94014621917866","2068.084644038653","172.34038700322108","0.001760435465666825","0.001760435465666825","0.0021506694725749492","0.0021506694725749492","crypto-forecast","","",""
"2025-09-18 21:08:36","3.5min","43f2fcca526c49ff9f9e46eb26eebbfb","SimpleFC|in100-out24|bs32|lr0.001|win15|feat2","LOCAL","btc_forecast/tunning_models_v3.py","user","FINISHED","32","BTCUSDT","","close,high","100","24","0.001","SimpleFC","50","2","15","1852.0388505655403","77.16828544023085","4119.864324390003","171.66101351625014","0.0019104616513476414","0.0019104616513476414","0.0021514033831645856","0.0021514033831645856","crypto-forecast","","",""
"2025-09-18 07:09:27","2.6min","c2e801358f634eb092b0e050c7ef5235","ConvFC|in200-out24|bs64|lr0.0005|win30|feat1","LOCAL","btc_forecast/tunning_models_v3.py","user","FINISHED","64","BTCUSDT","","close","200","24","0.0005","ConvFC","50","1","30","1805.108647541987","75.21286031424945","3311.8478331502874","137.9936597145953","0.00179178912589388","0.00179178912589388","0.0021529350738754287","0.0021529350738754287","crypto-forecast","","",""
"2025-09-18 14:26:03","5.6min","24e48126b571464a82a23126a8430609","TransformerTimeSeries|in200-out12|bs32|lr0.001|win15|feat2","LOCAL","btc_forecast/tunning_models_v3.py","user","FINISHED","32","BTCUSDT","","close,open","200","12","0.001","TransformerTimeSeries","50","2","15","1117.84751865174","93.153959887645","2090.073121315274","174.17276010960617","0.001753692779690988","0.001753692779690988","0.0021565235152978274","0.0021565235152978274","crypto-forecast","","",""
"2025-09-18 22:42:30","2.4min","90f2fe91836345c0933500b5f5203291","GRUStacked|in100-out24|bs64|lr0.0005|win15|feat2","LOCAL","btc_forecast/tunning_models_v3.py","user","FINISHED","64","BTCUSDT","","close,high","100","24","0.0005","GRUStacked","50","2","15","1785.8151524733362","74.40896468638901","4082.7600393734647","170.11500164056102","0.0019792050864344364","0.0019792050864344364","0.002162930189840246","0.002162930189840246","crypto-forecast","","",""
"2025-09-18 04:28:57","2.2min","6785442463304a20a894652ac208b974","SimpleFC|in200-out12|bs32|lr0.0005|win30|feat1","LOCAL","btc_forecast/tunning_models_v3.py","user","FINISHED","32","BTCUSDT","","close","200","12","0.0005","SimpleFC","50","1","30","1039.3967784889169","86.61639820740974","2194.92344182432","182.91028681869332","0.0017427948805011303","0.0017427948805011303","0.0021669108270063607","0.0021669108270063607","crypto-forecast","","",""
"2025-09-17 23:26:29","4.8min","d2398ad73da347719040b983e26e498a","TransformerTimeSeries|in100-out12|bs32|lr0.001|win15|feat1","LOCAL","btc_forecast/tunning_models_v3.py","user","FINISHED","32","BTCUSDT","","close","100","12","0.001","TransformerTimeSeries","50","1","15","1020.0422769499768","85.00352307916474","1968.0423290405213","164.00352742004344","0.0019152345109578613","0.0019152345109578613","0.0021671622782492342","0.0021671622782492342","crypto-forecast","","",""
"2025-09-18 15:10:40","1.6min","774b143722634b5dbe3df8678b8d2589","SimpleFC|in200-out12|bs64|lr0.001|win15|feat2","LOCAL","btc_forecast/tunning_models_v3.py","user","FINISHED","64","BTCUSDT","","close,open","200","12","0.001","SimpleFC","50","2","15","1074.8476182975826","89.57063485813188","2092.7827636942384","174.39856364118654","0.001733139188120467","0.001733139188120467","0.002173312798352094","0.002173312798352094","crypto-forecast","","",""
"2025-09-18 21:05:19","3.3min","947b404064464a76b4504e3fe2af29df","ConvFC|in100-out24|bs32|lr0.001|win15|feat2","LOCAL","btc_forecast/tunning_models_v3.py","user","FINISHED","32","BTCUSDT","","close,high","100","24","0.001","ConvFC","50","2","15","1850.334977785944","77.097290741081","4120.294771312139","171.67894880467247","0.0018184516529094648","0.0018184516529094648","0.002173387739254254","0.002173387739254254","crypto-forecast","","",""
"2025-09-18 21:47:53","4.5min","2075104acfca47c888024e461353379b","TransformerTimeSeries|in100-out24|bs32|lr0.0005|win15|feat2","LOCAL","btc_forecast/tunning_models_v3.py","user","FINISHED","32","BTCUSDT","","close,high","100","24","0.0005","TransformerTimeSeries","50","2","15","1817.7225426005655","75.73843927502357","4111.166324498426","171.29859685410108","0.0018692033785207079","0.0018692033785207079","0.0021799581694028087","0.0021799581694028087","crypto-forecast","","",""
"2025-09-17 23:18:40","2.1min","e28453f29d6e40678e902c7f889ab369","ConvFC|in100-out12|bs32|lr0.001|win15|feat1","LOCAL","btc_forecast/tunning_models_v3.py","user","FINISHED","32","BTCUSDT","","close","100","12","0.001","ConvFC","50","1","15","1049.371719250188","87.44764327084901","2024.9050835231617","168.74209029359682","0.0018412287124088967","0.0018412287124088967","0.002181702739819783","0.002181702739819783","crypto-forecast","","",""
"2025-09-18 17:27:04","4.9min","d751f968f0e646fda9316c7ebeda2a55","TransformerTimeSeries|in200-out24|bs64|lr0.0005|win30|feat2","LOCAL","btc_forecast/tunning_models_v3.py","user","FINISHED","64","BTCUSDT","","close,open","200","24","0.0005","TransformerTimeSeries","50","2","30","1748.882554954239","72.87010645642663","3297.457680816438","137.39407003401826","0.0017534847904676944","0.0017534847904676944","0.0021820954684743394","0.0021820954684743394","crypto-forecast","","",""
"2025-09-18 12:14:32","2.7min","97f146ea5ee7435597fe4e58992942f5","ConvFC|in100-out24|bs64|lr0.0005|win30|feat2","LOCAL","btc_forecast/tunning_models_v3.py","user","FINISHED","64","BTCUSDT","","close,open","100","24","0.0005","ConvFC","50","2","30","2059.241045077271","85.80171021155296","3549.4353928557393","147.89314136898915","0.0016658474719637318","0.0016658474719637318","0.002186356477916313","0.002186356477916313","crypto-forecast","","",""
"2025-09-17 23:41:44","2.7min","3748d4d082504449b76dbd2b8aa51d24","ConvFC|in100-out12|bs32|lr0.0005|win15|feat1","LOCAL","btc_forecast/tunning_models_v3.py","user","FINISHED","32","BTCUSDT","","close","100","12","0.0005","ConvFC","50","1","15","1027.825364275368","85.652113689614","2022.9873071597776","168.58227559664815","0.0018360113887313054","0.0018360113887313054","0.0021877443419277593","0.0021877443419277593","crypto-forecast","","",""
"2025-09-18 05:41:07","2.8min","803888f5aeca4e08b9ea84197aa58f5a","SimpleFC|in200-out24|bs32|lr0.001|win30|feat1","LOCAL","btc_forecast/tunning_models_v3.py","user","FINISHED","32","BTCUSDT","","close","200","24","0.001","SimpleFC","50","1","30","1861.7690489850384","77.5737103743766","3318.7796588168476","138.28248578403532","0.0017450010733567089","0.0017450010733567089","0.002188703657916482","0.002188703657916482","crypto-forecast","","",""
"2025-09-18 06:41:32","2.5min","7bfa83bb3fc84baa904e6db7d368a1e9","SimpleFC|in200-out24|bs64|lr0.001|win30|feat1","LOCAL","btc_forecast/tunning_models_v3.py","user","FINISHED","64","BTCUSDT","","close","200","24","0.001","SimpleFC","50","1","30","1794.3759079758413","74.76566283232673","3305.825245074507","137.74271854477112","0.0017177267914427832","0.0017177267914427832","0.002193014654393073","0.002193014654393073","crypto-forecast","","",""
"2025-09-18 00:26:37","2.3min","cc1223c3556b41678c3acb7484df2b61","ConvFC|in100-out12|bs64|lr0.0005|win15|feat1","LOCAL","btc_forecast/tunning_models_v3.py","user","FINISHED","64","BTCUSDT","","close","100","12","0.0005","ConvFC","50","1","15","1023.2427872322703","85.27023226935586","2013.9058816411853","167.82549013676544","0.0018369929553763314","0.0018369929553763314","0.0021948262963079565","0.0021948262963079565","crypto-forecast","","",""
"2025-09-17 22:35:00","1.3min","2d7c87880606408299b0f1b937567b13","ConvFC|in100-out6|bs64|lr0.001|win30|feat1","LOCAL","btc_forecast/tunning_models_v3.py","user","FINISHED","64","BTCUSDT","","close","100","6","0.001","ConvFC","50","1","30","682.5600213878546","113.76000356464243","1301.9447970713177","216.99079951188628","0.0018394410824824753","0.0018394410824824753","0.0021974767502318565","0.0021974767502318565","crypto-forecast","","",""
"2025-09-18 15:15:50","3.4min","22f0554a0805492b9347cf6040666583","TransformerTimeSeries|in200-out12|bs64|lr0.001|win15|feat2","LOCAL","btc_forecast/tunning_models_v3.py","user","FINISHED","64","BTCUSDT","","close,open","200","12","0.001","TransformerTimeSeries","50","2","15","1111.991943236716","92.66599526972634","2075.118153345355","172.9265127787796","0.0019410005732192217","0.0019410005732192217","0.002202667669902863","0.002202667669902863","crypto-forecast","","",""
"2025-09-18 15:41:10","4.2min","4255f00871994a43a799fa399fe787ba","TransformerTimeSeries|in200-out12|bs64|lr0.0005|win15|feat2","LOCAL","btc_forecast/tunning_models_v3.py","user","FINISHED","64","BTCUSDT","","close,open","200","12","0.0005","TransformerTimeSeries","50","2","15","1044.311297386613","87.02594144888441","1998.3402498240428","166.52835415200357","0.001880667233302231","0.001880667233302231","0.0022033425747333274","0.0022033425747333274","crypto-forecast","","",""
"2025-09-18 22:09:19","3.2min","623615813bb242a6a32beb0eeb4fa20f","SimpleFC|in100-out24|bs64|lr0.001|win15|feat2","LOCAL","btc_forecast/tunning_models_v3.py","user","FINISHED","64","BTCUSDT","","close,high","100","24","0.001","SimpleFC","50","2","15","1958.5197952775966","81.60499146989986","4159.250560787789","173.30210669949122","0.0019364175787553273","0.0019364175787553273","0.0022048632194488285","0.0022048632194488285","crypto-forecast","","",""
"2025-09-18 22:16:05","4.6min","dad940bd72a34927ad647d4695bbcac4","TransformerTimeSeries|in100-out24|bs64|lr0.001|win15|feat2","LOCAL","btc_forecast/tunning_models_v3.py","user","FINISHED","64","BTCUSDT","","close,high","100","24","0.001","TransformerTimeSeries","50","2","15","1778.8580964747312","74.1190873531138","4048.2347020635516","168.67644591931466","0.0018533282451438928","0.0018533282451438928","0.002205898099779129","0.002205898099779129","crypto-forecast","","",""
"2025-09-17 22:15:45","2.0min","35c315091472444c86056e939f2ba1eb","SimpleFC|in100-out6|bs32|lr0.0005|win30|feat1","LOCAL","btc_forecast/tunning_models_v3.py","user","FINISHED","32","BTCUSDT","","close","100","6","0.0005","SimpleFC","50","1","30","699.3832756953223","116.56387928255371","1326.2468084341338","221.04113473902228","0.0018125284764066464","0.0018125284764066464","0.0022063996584620327","0.0022063996584620327","crypto-forecast","","",""
"2025-09-18 09:57:27","2.6min","b950a4b8e164488a89837c61f73107e0","TransformerTimeSeries|in100-out12|bs32|lr0.0005|win15|feat2","LOCAL","btc_forecast/tunning_models_v3.py","user","FINISHED","32","BTCUSDT","","close,open","100","12","0.0005","TransformerTimeSeries","50","2","15","1082.4335255941558","90.20279379951297","2049.548147260871","170.7956789384059","0.0018732051678233114","0.0018732051678233114","0.0022099762644963495","0.0022099762644963495","crypto-forecast","","",""
"2025-09-18 14:51:05","4.3min","d8d87ab495924cae8a3275c0d3fba27a","TransformerTimeSeries|in200-out12|bs32|lr0.0005|win15|feat2","LOCAL","btc_forecast/tunning_models_v3.py","user","FINISHED","32","BTCUSDT","","close,open","200","12","0.0005","TransformerTimeSeries","50","2","15","1114.4305598163444","92.8692133180287","2088.528500729611","174.0440417274676","0.0018648769638191735","0.0018648769638191735","0.0022103175649031657","0.0022103175649031657","crypto-forecast","","",""
"2025-09-18 04:48:47","6.2min","e03193485b1e496bb97553711fb5b244","TransformerTimeSeries|in200-out12|bs32|lr0.0005|win15|feat1","LOCAL","btc_forecast/tunning_models_v3.py","user","FINISHED","32","BTCUSDT","","close","200","12","0.0005","TransformerTimeSeries","50","1","15","1079.450706535228","89.95422554460232","2041.0231420493983","170.08526183744985","0.0019210202999264412","0.0019210202999264412","0.0022127752980741914","0.0022127752980741914","crypto-forecast","","",""
"2025-09-18 22:44:57","4.9min","fd17da8bd26d42c8bdf661e8410cdb33","TransformerTimeSeries|in100-out24|bs64|lr0.0005|win15|feat2","LOCAL","btc_forecast/tunning_models_v3.py","user","FINISHED","64","BTCUSDT","","close,high","100","24","0.0005","TransformerTimeSeries","50","2","15","1857.419559246834","77.39248163528475","4060.473705014715","169.18640437561314","0.0018611181483780314","0.0018611181483780314","0.002213437854442273","0.002213437854442273","crypto-forecast","","",""
"2025-09-18 19:25:40","2.4min","1c26146f0f2f49e1ae1310e8e15b70de","ConvFC|in100-out12|bs32|lr0.001|win15|feat2","LOCAL","btc_forecast/tunning_models_v3.py","user","FINISHED","32","BTCUSDT","","close,high","100","12","0.001","ConvFC","50","2","15","1188.2498101470146","99.02081751225121","2176.7917045642257","181.39930871368549","0.0017474237471737162","0.0017474237471737162","0.002214043765049878","0.002214043765049878","crypto-forecast","","",""
"2025-09-18 16:16:40","3.0min","f6aab8faf8114130890980e00382b775","SimpleFC|in200-out24|bs32|lr0.0005|win30|feat2","LOCAL","btc_forecast/tunning_models_v3.py","user","FINISHED","32","BTCUSDT","","close,open","200","24","0.0005","SimpleFC","50","2","30","2089.797109126456","87.07487954693566","3599.9531628324357","149.99804845135148","0.0017041626670131818","0.0017041626670131818","0.0022160537021009164","0.0022160537021009164","crypto-forecast","","",""
"2025-09-18 00:28:59","2.0min","459891c570b34fba8be16560e8091c61","SimpleFC|in100-out12|bs64|lr0.0005|win15|feat1","LOCAL","btc_forecast/tunning_models_v3.py","user","FINISHED","64","BTCUSDT","","close","100","12","0.0005","SimpleFC","50","1","15","1044.012107181618","87.0010089318015","2033.9085217951138","169.49237681625948","0.0018001124725117513","0.0018001124725117513","0.0022209527586521537","0.0022209527586521537","crypto-forecast","","",""
"2025-09-18 00:07:01","2.6min","f49e0d932e62403390ef59ed5f3d2647","ConvFC|in100-out12|bs64|lr0.001|win15|feat1","LOCAL","btc_forecast/tunning_models_v3.py","user","FINISHED","64","BTCUSDT","","close","100","12","0.001","ConvFC","50","1","15","1035.8737780920724","86.32281484100604","2024.4098474830314","168.70082062358594","0.001859413893460277","0.001859413893460277","0.002221608419586558","0.002221608419586558","crypto-forecast","","",""
"2025-09-18 23:39:36","2.3min","fa99e42adbf14278813eda568fc5681c","SimpleFC|in200-out6|bs64|lr0.001|win30|feat2","LOCAL","btc_forecast/tunning_models_v3.py","user","FINISHED","64","BTCUSDT","","close,high","200","6","0.001","SimpleFC","50","2","30","945.2087753249173","157.5347958874862","1520.5832962787013","253.43054937978354","0.0016172475361587427","0.0016172475361587427","0.002224404733567001","0.002224404733567001","crypto-forecast","","",""
"2025-09-18 15:35:50","1.7min","a9af1c827b9e43038f6ff7da32976ed8","SimpleFC|in200-out12|bs64|lr0.0005|win15|feat2","LOCAL","btc_forecast/tunning_models_v3.py","user","FINISHED","64","BTCUSDT","","close,open","200","12","0.0005","SimpleFC","50","2","15","1118.5850266067184","93.21541888389321","2146.9361018644527","178.9113418220377","0.0016609424268961353","0.0016609424268961353","0.0022262934058762235","0.0022262934058762235","crypto-forecast","","",""
"2025-09-18 11:05:29","4.0min","03bfc317fb144698b72bbf2b3baf0be6","GRUStacked|in100-out24|bs32|lr0.001|win15|feat2","LOCAL","btc_forecast/tunning_models_v3.py","user","FINISHED","32","BTCUSDT","","close,open","100","24","0.001","GRUStacked","50","2","15","1764.342862201397","73.51428592505822","3909.7413313239317","162.9058888051638","0.0017720695089668038","0.0017720695089668038","0.0022264301938327885","0.0022264301938327885","crypto-forecast","","",""
"2025-09-18 16:36:56","5.4min","5969e401b2c146508c0ead1e1507a71a","GRUStacked|in200-out24|bs32|lr0.0005|win15|feat2","LOCAL","btc_forecast/tunning_models_v3.py","user","FINISHED","32","BTCUSDT","","close,open","200","24","0.0005","GRUStacked","50","2","15","1769.3838815869485","73.72432839945618","3966.444998897127","165.26854162071362","0.0017038242520887451","0.0017038242520887451","0.0022287030276861393","0.0022287030276861393","crypto-forecast","","",""
"2025-09-18 21:39:10","3.6min","6378901f30d54e1eb084ca32821415c5","SimpleFC|in100-out24|bs32|lr0.0005|win15|feat2","LOCAL","btc_forecast/tunning_models_v3.py","user","FINISHED","32","BTCUSDT","","close,high","100","24","0.0005","SimpleFC","50","2","15","1988.7903875591062","82.86626614829609","4222.133801872902","175.92224174470425","0.0018714263905146573","0.0018714263905146573","0.002237489631198879","0.002237489631198879","crypto-forecast","","",""
"2025-09-18 22:52:05","2.4min","acace9b4271b4e54b8b33e59c70b109f","SimpleFC|in200-out6|bs32|lr0.001|win30|feat2","LOCAL","btc_forecast/tunning_models_v3.py","user","FINISHED","32","BTCUSDT","","close,high","200","6","0.001","SimpleFC","50","2","30","925.2855630416263","154.21426050693773","1514.9019900552667","252.4836650092111","0.0016533553537379751","0.0016533553537379751","0.002241445446121812","0.002241445446121812","crypto-forecast","","",""
"2025-09-18 21:15:49","5.8min","c91a483170b54c07a99fad3f924f691e","TransformerTimeSeries|in100-out24|bs32|lr0.001|win15|feat2","LOCAL","btc_forecast/tunning_models_v3.py","user","FINISHED","32","BTCUSDT","","close,high","100","24","0.001","TransformerTimeSeries","50","2","15","1791.73147361944","74.65547806747666","4048.6976348489407","168.69573478537254","0.001837489329241395","0.001837489329241395","0.0022419444937621","0.0022419444937621","crypto-forecast","","",""
"2025-09-18 00:09:38","2.1min","786b171ba4c0490bbd58a7814d5fa6cd","SimpleFC|in100-out12|bs64|lr0.001|win15|feat1","LOCAL","btc_forecast/tunning_models_v3.py","user","FINISHED","64","BTCUSDT","","close","100","12","0.001","SimpleFC","50","1","15","1081.7104022854098","90.14253352378415","2065.4788398575224","172.12323665479354","0.0017980761103113584","0.0017980761103113584","0.0022448837347407396","0.0022448837347407396","crypto-forecast","","",""
"2025-09-18 12:32:50","3.3min","d981e5b5e8804fbab342a6bfdbc62990","GRUStacked|in100-out24|bs64|lr0.0005|win15|feat2","LOCAL","btc_forecast/tunning_models_v3.py","user","FINISHED","64","BTCUSDT","","close,open","100","24","0.0005","GRUStacked","50","2","15","1790.8416693976483","74.61840289156868","3929.701310279365","163.73755459497355","0.001929704093426052","0.001929704093426052","0.0022567553715786","0.0022567553715786","crypto-forecast","","",""
"2025-09-18 11:37:54","5.2min","9c5ae71c875e4db6b4cc7950e94c18f9","GRUStacked|in100-out24|bs32|lr0.0005|win15|feat2","LOCAL","btc_forecast/tunning_models_v3.py","user","FINISHED","32","BTCUSDT","","close,open","100","24","0.0005","GRUStacked","50","2","15","1732.2346154671325","72.17644231113051","3900.3805744426927","162.51585726844553","0.0015958385903505875","0.0015958385903505875","0.0022570354093733955","0.0022570354093733955","crypto-forecast","","",""
"2025-09-18 05:01:51","4.3min","1f74e0f0a834469c8823f4b84d15724d","TransformerTimeSeries|in200-out12|bs64|lr0.001|win30|feat1","LOCAL","btc_forecast/tunning_models_v3.py","user","FINISHED","64","BTCUSDT","","close","200","12","0.001","TransformerTimeSeries","50","1","30","1113.6455660104568","92.80379716753806","2208.845970662747","184.0704975552289","0.0018862087832490929","0.0018862087832490929","0.0022620658159371266","0.0022620658159371266","crypto-forecast","","",""
"2025-09-18 00:34:49","2.5min","7138b463e5a544fba42d3d85ec8d2f3d","TransformerTimeSeries|in100-out12|bs64|lr0.0005|win15|feat1","LOCAL","btc_forecast/tunning_models_v3.py","user","FINISHED","64","BTCUSDT","","close","100","12","0.0005","TransformerTimeSeries","50","1","15","1028.6018618435844","85.7168218202987","2020.5856212614433","168.38213510512028","0.0020275634562721876","0.0020275634562721876","0.0022627373850524226","0.0022627373850524226","crypto-forecast","","",""
"2025-09-18 12:07:57","3.0min","16f8197a6b8a481783b89e9f18f6269b","GRUStacked|in100-out24|bs64|lr0.001|win15|feat2","LOCAL","btc_forecast/tunning_models_v3.py","user","FINISHED","64","BTCUSDT","","close,open","100","24","0.001","GRUStacked","50","2","15","1766.0618066946956","73.58590861227898","3926.2241625444267","163.5926734393511","0.0018818143145015159","0.0018818143145015159","0.0022643350062223717","0.0022643350062223717","crypto-forecast","","",""
"2025-09-18 14:19:57","2.0min","7ba8150939f54e998b1ab254de7681ae","SimpleFC|in200-out12|bs32|lr0.001|win15|feat2","LOCAL","btc_forecast/tunning_models_v3.py","user","FINISHED","32","BTCUSDT","","close,open","200","12","0.001","SimpleFC","50","2","15","1197.3578361473974","99.77981967894978","2224.7832918957274","185.3986076579773","0.0017073936650735752","0.0017073936650735752","0.0022647724369834824","0.0022647724369834824","crypto-forecast","","",""
"2025-09-17 23:44:24","2.6min","f704d341bf7346049c8f427088e2acfc","SimpleFC|in100-out12|bs32|lr0.0005|win15|feat1","LOCAL","btc_forecast/tunning_models_v3.py","user","FINISHED","32","BTCUSDT","","close","100","12","0.0005","SimpleFC","50","1","15","1123.6762412809267","93.63968677341056","2100.7759012553743","175.06465843794786","0.0017853502336019505","0.0017853502336019505","0.0022682671908712112","0.0022682671908712112","crypto-forecast","","",""
"2025-09-17 23:20:47","2.2min","963c1f36f7c244b3b6314941d632f484","SimpleFC|in100-out12|bs32|lr0.001|win15|feat1","LOCAL","btc_forecast/tunning_models_v3.py","user","FINISHED","32","BTCUSDT","","close","100","12","0.001","SimpleFC","50","1","15","1116.0067720362154","93.00056433635127","2109.0801383758244","175.75667819798537","0.0018257585817894326","0.0018257585817894326","0.002271540430105901","0.002271540430105901","crypto-forecast","","",""
"2025-09-18 04:39:38","2.8min","435cc1e20f1f4bcca1c6ce509325ac8e","ConvFC|in200-out12|bs32|lr0.0005|win15|feat1","LOCAL","btc_forecast/tunning_models_v3.py","user","FINISHED","32","BTCUSDT","","close","200","12","0.0005","ConvFC","50","1","15","1084.3045605818693","90.35871338182244","2106.0255661499777","175.50213051249816","0.0017995571540995274","0.0017995571540995274","0.0022828969152385386","0.0022828969152385386","crypto-forecast","","",""
"2025-09-18 06:28:49","5.0min","89940436ae124d3fae281c1f91c599e2","GRUStacked|in200-out24|bs32|lr0.0005|win15|feat1","LOCAL","btc_forecast/tunning_models_v3.py","user","FINISHED","32","BTCUSDT","","close","200","24","0.0005","GRUStacked","50","1","15","1782.8549053791944","74.28562105746643","3995.224948957511","166.46770620656295","0.0017017074910273065","0.0017017074910273065","0.002287335194893172","0.002287335194893172","crypto-forecast","","",""
"2025-09-18 05:06:11","1.7min","e7cd267244ce4554842dd05814784260","ConvFC|in200-out12|bs64|lr0.001|win15|feat1","LOCAL","btc_forecast/tunning_models_v3.py","user","FINISHED","64","BTCUSDT","","close","200","12","0.001","ConvFC","50","1","15","1024.015537909076","85.33462815908968","1996.8939336550116","166.4078278045843","0.00196825552852171","0.00196825552852171","0.0022979476884006323","0.0022979476884006323","crypto-forecast","","",""
"2025-09-18 00:56:06","3.7min","1c2ff85233944a9085ab3dbaf99f9660","GRUStacked|in100-out24|bs32|lr0.001|win15|feat1","LOCAL","btc_forecast/tunning_models_v3.py","user","FINISHED","32","BTCUSDT","","close","100","24","0.001","GRUStacked","50","1","15","1750.958701015685","72.9566125423202","3944.5488080739365","164.35620033641402","0.0018112164435942716","0.0018112164435942716","0.0023009287792752587","0.0023009287792752587","crypto-forecast","","",""
"2025-09-18 17:08:01","4.0min","d18e72984ec042739102ed8e9d12b23c","GRUStacked|in200-out24|bs64|lr0.001|win15|feat2","LOCAL","btc_forecast/tunning_models_v3.py","user","FINISHED","64","BTCUSDT","","close,open","200","24","0.001","GRUStacked","50","2","15","1725.451930051568","71.89383041881534","3913.696340943475","163.0706808726448","0.0017355674851501292","0.0017355674851501292","0.002305043941517406","0.002305043941517406","crypto-forecast","","",""
"2025-09-18 04:17:01","2.3min","a48d99a44a664741b53603cc876e906c","ConvFC|in200-out12|bs32|lr0.001|win15|feat1","LOCAL","btc_forecast/tunning_models_v3.py","user","FINISHED","32","BTCUSDT","","close","200","12","0.001","ConvFC","50","1","15","1076.9606641902947","89.74672201585788","2075.610893967255","172.96757449727124","0.001862668482476411","0.001862668482476411","0.002308768671567647","0.002308768671567647","crypto-forecast","","",""
"2025-09-18 12:26:39","3.4min","69a0da3134b940c68ef39379821e619c","ConvFC|in100-out24|bs64|lr0.0005|win15|feat2","LOCAL","btc_forecast/tunning_models_v3.py","user","FINISHED","64","BTCUSDT","","close,open","100","24","0.0005","ConvFC","50","2","15","1794.2101435792888","74.75875598247036","4038.7819351424328","168.2825806309347","0.001960535898142902","0.001960535898142902","0.0023097394799542555","0.0023097394799542555","crypto-forecast","","",""
"2025-09-18 01:56:25","3.1min","7b99caff6beb4613a9bad90381b12520","GRUStacked|in100-out24|bs64|lr0.001|win15|feat1","LOCAL","btc_forecast/tunning_models_v3.py","user","FINISHED","64","BTCUSDT","","close","100","24","0.001","GRUStacked","50","1","15","1776.5839994801017","74.0243333116709","3964.03301236439","165.1680421818496","0.0019137802534923212","0.0019137802534923212","0.00232779924225755","0.00232779924225755","crypto-forecast","","",""
"2025-09-18 05:28:31","2.2min","182164fb64e94a279f746d50c177953f","ConvFC|in200-out12|bs64|lr0.0005|win15|feat1","LOCAL","btc_forecast/tunning_models_v3.py","user","FINISHED","64","BTCUSDT","","close","200","12","0.0005","ConvFC","50","1","15","1126.9621926909986","93.91351605758321","2196.5848381772767","183.04873651477305","0.0018777161558156134","0.0018777161558156134","0.0023409571809167476","0.0023409571809167476","crypto-forecast","","",""
"2025-09-18 11:31:20","3.5min","3939b7b1566743ac880dcf494ed1ab10","ConvFC|in100-out24|bs32|lr0.0005|win15|feat2","LOCAL","btc_forecast/tunning_models_v3.py","user","FINISHED","32","BTCUSDT","","close,open","100","24","0.0005","ConvFC","50","2","15","1856.3230098213312","77.3467920758888","4081.883253532362","170.07846889718175","0.0019807153105030734","0.0019807153105030734","0.0023410562989650665","0.0023410562989650665","crypto-forecast","","",""
"2025-09-18 11:43:09","6.2min","b4000e76cfe2491680e95fc9e1b1a6ef","TransformerTimeSeries|in100-out24|bs32|lr0.0005|win15|feat2","LOCAL","btc_forecast/tunning_models_v3.py","user","FINISHED","32","BTCUSDT","","close,open","100","24","0.0005","TransformerTimeSeries","50","2","15","1756.9311598394304","73.2054649933096","4003.1260103383297","166.7969170974304","0.001931287849867044","0.001931287849867044","0.0023437317774379694","0.0023437317774379694","crypto-forecast","","",""
"2025-09-18 14:44:55","1.8min","57101ff2464e42a5b5487220a21e8945","SimpleFC|in200-out12|bs32|lr0.0005|win15|feat2","LOCAL","btc_forecast/tunning_models_v3.py","user","FINISHED","32","BTCUSDT","","close,open","200","12","0.0005","SimpleFC","50","2","15","1256.4017399384034","104.70014499486695","2239.911588283127","186.65929902359392","0.0016871501539394765","0.0016871501539394765","0.0023528144095368328","0.0023528144095368328","crypto-forecast","","",""
"2025-09-17 23:50:50","5.2min","ba98635bd54246c29673dd9fe3a67522","TransformerTimeSeries|in100-out12|bs32|lr0.0005|win15|feat1","LOCAL","btc_forecast/tunning_models_v3.py","user","FINISHED","32","BTCUSDT","","close","100","12","0.0005","TransformerTimeSeries","50","1","15","1117.956258274044","93.16302152283701","2102.642873583603","175.22023946530024","0.0019343257336353497","0.0019343257336353497","0.002354264963173042","0.002354264963173042","crypto-forecast","","",""
"2025-09-18 12:10:58","3.6min","93c9c4d629f547bfbc11fb912a8d0fdb","TransformerTimeSeries|in100-out24|bs64|lr0.001|win15|feat2","LOCAL","btc_forecast/tunning_models_v3.py","user","FINISHED","64","BTCUSDT","","close,open","100","24","0.001","TransformerTimeSeries","50","2","15","1853.543023656428","77.23095931901783","4046.3455826339186","168.5977326097466","0.0020781365672441965","0.0020781365672441965","0.0023691748473613303","0.0023691748473613303","crypto-forecast","","",""
"2025-09-18 02:22:02","3.2min","e399c6f1de1e4b62891ebd7ef3b87b74","GRUStacked|in100-out24|bs64|lr0.0005|win15|feat1","LOCAL","btc_forecast/tunning_models_v3.py","user","FINISHED","64","BTCUSDT","","close","100","24","0.0005","GRUStacked","50","1","15","1825.5052324155622","76.06271801731509","3965.4527349397617","165.22719728915675","0.0020160457527837287","0.0020160457527837287","0.002370427463078255","0.002370427463078255","crypto-forecast","","",""
"2025-09-18 10:59:23","2.9min","e5a0a64298284e6cae361c1d7fb6e77a","ConvFC|in100-out24|bs32|lr0.001|win15|feat2","LOCAL","btc_forecast/tunning_models_v3.py","user","FINISHED","32","BTCUSDT","","close,open","100","24","0.001","ConvFC","50","2","15","1829.3282845544181","76.2220118564341","4054.8106803193955","168.95044501330815","0.001999697164329876","0.001999697164329876","0.0023740670224553276","0.0023740670224553276","crypto-forecast","","",""
"2025-09-18 07:31:42","4.7min","496e1f125e074eeba9865f7a1ded5d1a","GRUStacked|in200-out24|bs64|lr0.0005|win15|feat1","LOCAL","btc_forecast/tunning_models_v3.py","user","FINISHED","64","BTCUSDT","","close","200","24","0.0005","GRUStacked","50","1","15","1727.8781647635092","71.99492353181289","3898.2018498448883","162.42507707687034","0.0018325002070233235","0.0018325002070233235","0.002375294627394025","0.002375294627394025","crypto-forecast","","",""
"2025-09-18 01:26:29","4.9min","567f91ac452c475bbf91c06b764346cf","GRUStacked|in100-out24|bs32|lr0.0005|win15|feat1","LOCAL","btc_forecast/tunning_models_v3.py","user","FINISHED","32","BTCUSDT","","close","100","24","0.0005","GRUStacked","50","1","15","1739.5829621052021","72.48262342105009","3904.2466096276034","162.6769420678168","0.0017788119133281878","0.0017788119133281878","0.0023774549150350167","0.0023774549150350167","crypto-forecast","","",""
"2025-09-18 12:30:04","2.7min","db9bdd3a886b470e896d0f4a52385b8d","SimpleFC|in100-out24|bs64|lr0.0005|win15|feat2","LOCAL","btc_forecast/tunning_models_v3.py","user","FINISHED","64","BTCUSDT","","close,open","100","24","0.0005","SimpleFC","50","2","15","1872.310050506176","78.01291877109067","4114.220009378098","171.42583372408743","0.002078776562871317","0.002078776562871317","0.0023802146441410047","0.0023802146441410047","crypto-forecast","","",""
"2025-09-18 17:38:58","3.5min","6a4430203fde473eb174e02a5cfe0f46","GRUStacked|in200-out24|bs64|lr0.0005|win15|feat2","LOCAL","btc_forecast/tunning_models_v3.py","user","FINISHED","64","BTCUSDT","","close,open","200","24","0.0005","GRUStacked","50","2","15","1739.315504585478","72.47147935772826","3976.3749955043427","165.6822914793476","0.0019278607440585888","0.0019278607440585888","0.0023861645618258654","0.0023861645618258654","crypto-forecast","","",""
"2025-09-18 01:19:19","4.2min","d9e222d4eb8e4a969a3c5aebecd7e064","ConvFC|in100-out24|bs32|lr0.0005|win15|feat1","LOCAL","btc_forecast/tunning_models_v3.py","user","FINISHED","32","BTCUSDT","","close","100","24","0.0005","ConvFC","50","1","15","1780.7796733467203","74.19915305611335","4035.2562236205185","168.13567598418828","0.0019919627652557562","0.0019919627652557562","0.0023870804748822123","0.0023870804748822123","crypto-forecast","","",""
"2025-09-18 12:02:13","2.5min","b681b6a7e86d49fc84cb2eba1d12e4e0","ConvFC|in100-out24|bs64|lr0.001|win15|feat2","LOCAL","btc_forecast/tunning_models_v3.py","user","FINISHED","64","BTCUSDT","","close,open","100","24","0.001","ConvFC","50","2","15","1882.1245650023643","78.42185687509851","4093.2368242307516","170.55153434294797","0.0021028723354535677","0.0021028723354535677","0.002392797307170374","0.002392797307170374","crypto-forecast","","",""
"2025-09-18 05:12:42","3.2min","a88d8c9b3659458fb89a917c4e8cf7a1","TransformerTimeSeries|in200-out12|bs64|lr0.001|win15|feat1","LOCAL","btc_forecast/tunning_models_v3.py","user","FINISHED","64","BTCUSDT","","close","200","12","0.001","TransformerTimeSeries","50","1","15","1112.8733002263457","92.7394416855288","2075.639964188955","172.96999701574626","0.00207328838869504","0.00207328838869504","0.002395811772287046","0.002395811772287046","crypto-forecast","","",""
"2025-09-18 04:19:16","1.5min","f44236ad696347578e1c00495995455d","SimpleFC|in200-out12|bs32|lr0.001|win15|feat1","LOCAL","btc_forecast/tunning_models_v3.py","user","FINISHED","32","BTCUSDT","","close","200","12","0.001","SimpleFC","50","1","15","1125.4777867604644","93.78981556337203","2197.736695353716","183.14472461280968","0.0018389007858501266","0.0018389007858501266","0.0023972802039053417","0.0023972802039053417","crypto-forecast","","",""
"2025-09-18 05:30:41","1.5min","360732a7d60b487784c1c36ebe6131e6","SimpleFC|in200-out12|bs64|lr0.0005|win15|feat1","LOCAL","btc_forecast/tunning_models_v3.py","user","FINISHED","64","BTCUSDT","","close","200","12","0.0005","SimpleFC","50","1","15","1085.461821891717","90.45515182430974","2088.6398262643193","174.05331885535995","0.001775606858279515","0.001775606858279515","0.002398281796011414","0.002398281796011414","crypto-forecast","","",""
"2025-09-18 05:57:41","4.2min","2c2becac12574d2f8db19c65f2bbefa5","GRUStacked|in200-out24|bs32|lr0.001|win15|feat1","LOCAL","btc_forecast/tunning_models_v3.py","user","FINISHED","32","BTCUSDT","","close","200","24","0.001","GRUStacked","50","1","15","1866.8402836803248","77.78501182001354","3990.3568671905355","166.2648694662723","0.0018260784106634293","0.0018260784106634293","0.002402498914457692","0.002402498914457692","crypto-forecast","","",""
"2025-09-18 11:09:27","4.2min","e08307925e684fb2b317569d02795a34","TransformerTimeSeries|in100-out24|bs32|lr0.001|win15|feat2","LOCAL","btc_forecast/tunning_models_v3.py","user","FINISHED","32","BTCUSDT","","close,open","100","24","0.001","TransformerTimeSeries","50","2","15","1862.4714931682656","77.60297888201107","4056.3666552561913","169.0152773023413","0.002057770448004157","0.002057770448004157","0.002407958338346871","0.002407958338346871","crypto-forecast","","",""
"2025-09-18 04:42:26","1.7min","e7d4e48734494827a6d5ca667ed5937d","SimpleFC|in200-out12|bs32|lr0.0005|win15|feat1","LOCAL","btc_forecast/tunning_models_v3.py","user","FINISHED","32","BTCUSDT","","close","200","12","0.0005","SimpleFC","50","1","15","1107.737785279897","92.31148210665809","2175.343944961706","181.27866208014214","0.0017395312278954238","0.0017395312278954238","0.002408022218122693","0.002408022218122693","crypto-forecast","","",""
"2025-09-18 06:59:10","5.0min","68d52c22dccb4e369ab8f79a6a1ae7b7","GRUStacked|in200-out24|bs64|lr0.001|win15|feat1","LOCAL","btc_forecast/tunning_models_v3.py","user","FINISHED","64","BTCUSDT","","close","200","24","0.001","GRUStacked","50","1","15","1809.317832608228","75.38824302534283","4015.7128321772575","167.32136800738573","0.0016945826449044602","0.0016945826449044602","0.00241255854381202","0.00241255854381202","crypto-forecast","","",""
"2025-09-18 16:06:32","2.7min","5ba57eceecaf44288ede9da40ffe1986","GRUStacked|in200-out24|bs32|lr0.001|win15|feat2","LOCAL","btc_forecast/tunning_models_v3.py","user","FINISHED","32","BTCUSDT","","close,open","200","24","0.001","GRUStacked","50","2","15","1823.3939825100683","75.97474927125285","4071.311752076867","169.63798966986946","0.001970520052792885","0.001970520052792885","0.0024151930055757212","0.0024151930055757212","crypto-forecast","","",""
"2025-09-18 02:25:15","4.5min","a5fc0a3c53404cd4844a024625538474","TransformerTimeSeries|in100-out24|bs64|lr0.0005|win15|feat1","LOCAL","btc_forecast/tunning_models_v3.py","user","FINISHED","64","BTCUSDT","","close","100","24","0.0005","TransformerTimeSeries","50","1","15","1828.2276611563154","76.17615254817981","4081.186885533187","170.0494535638828","0.002042792793376108","0.002042792793376108","0.0024228316100043186","0.0024228316100043186","crypto-forecast","","",""
"2025-09-18 00:50:56","2.7min","13808a5a253c414fa41201d6e7c69329","ConvFC|in100-out24|bs32|lr0.001|win15|feat1","LOCAL","btc_forecast/tunning_models_v3.py","user","FINISHED","32","BTCUSDT","","close","100","24","0.001","ConvFC","50","1","15","1880.8347609401167","78.36811503917153","4125.452350889785","171.89384795374102","0.0020817069258229574","0.0020817069258229574","0.0024230131962015193","0.0024230131962015193","crypto-forecast","","",""
"2025-09-18 00:14:34","2.1min","85d33ef262e544c38806474463f45925","TransformerTimeSeries|in100-out12|bs64|lr0.001|win15|feat1","LOCAL","btc_forecast/tunning_models_v3.py","user","FINISHED","64","BTCUSDT","","close","100","12","0.001","TransformerTimeSeries","50","1","15","1142.3703999567192","95.1975333297266","2120.3000209223806","176.6916684101984","0.0021173454269693987","0.0021173454269693987","0.002425447273813863","0.002425447273813863","crypto-forecast","","",""
"2025-09-18 02:16:48","2.8min","077546727ac643a0a9481c6d3adba574","ConvFC|in100-out24|bs64|lr0.0005|win15|feat1","LOCAL","btc_forecast/tunning_models_v3.py","user","FINISHED","64","BTCUSDT","","close","100","24","0.0005","ConvFC","50","1","15","1892.0922960852404","78.83717900355168","4103.023735312614","170.95932230469225","0.0021261048152057815","0.0021261048152057815","0.0024257785113273042","0.0024257785113273042","crypto-forecast","","",""
"2025-09-18 05:07:58","1.5min","cd01d2fa15454fcaba312b9f320779fd","SimpleFC|in200-out12|bs64|lr0.001|win15|feat1","LOCAL","btc_forecast/tunning_models_v3.py","user","FINISHED","64","BTCUSDT","","close","200","12","0.001","SimpleFC","50","1","15","1123.9676456963655","93.66397047469712","2152.6826196332054","179.39021830276712","0.0017802545106156307","0.0017802545106156307","0.0024340372355722653","0.0024340372355722653","crypto-forecast","","",""
"2025-09-18 16:42:18","6.9min","118a0eb614e047feba3cce30bb86d4f9","TransformerTimeSeries|in200-out24|bs32|lr0.0005|win15|feat2","LOCAL","btc_forecast/tunning_models_v3.py","user","FINISHED","32","BTCUSDT","","close,open","200","24","0.0005","TransformerTimeSeries","50","2","15","1781.2573751860632","74.2190572994193","4070.794226644086","169.61642611017024","0.00199838619898352","0.00199838619898352","0.0024416000433076387","0.0024416000433076387","crypto-forecast","","",""
"2025-09-18 16:59:12","3.0min","d9a7f85de740400fa08cc9427823a924","TransformerTimeSeries|in200-out24|bs64|lr0.001|win30|feat2","LOCAL","btc_forecast/tunning_models_v3.py","user","FINISHED","64","BTCUSDT","","close,open","200","24","0.001","TransformerTimeSeries","50","2","30","2056.1165437547074","85.67152265644614","3570.309177022294","148.7628823759289","0.0019446211597053372","0.0019446211597053372","0.0024461898127925647","0.0024461898127925647","crypto-forecast","","",""
"2025-09-18 16:33:04","3.9min","f9fab368d7474123b01cadc24accc2af","SimpleFC|in200-out24|bs32|lr0.0005|win15|feat2","LOCAL","btc_forecast/tunning_models_v3.py","user","FINISHED","32","BTCUSDT","","close,open","200","24","0.0005","SimpleFC","50","2","15","1825.489955227642","76.06208146781842","4138.670004689192","172.44458352871632","0.0021069728325558584","0.0021069728325558584","0.002446472964372694","0.002446472964372694","crypto-forecast","","",""
"2025-09-18 12:36:07","3.6min","600d12066b7f4fac925ed9f0dee0f47b","TransformerTimeSeries|in100-out24|bs64|lr0.0005|win15|feat2","LOCAL","btc_forecast/tunning_models_v3.py","user","FINISHED","64","BTCUSDT","","close,open","100","24","0.0005","TransformerTimeSeries","50","2","15","1792.3299743562134","74.68041559817556","4107.574125083629","171.14892187848454","0.002144884626158808","0.002144884626158808","0.002455489852785972","0.002455489852785972","crypto-forecast","","",""
"2025-09-18 00:53:41","2.4min","45204dc983c0486fbe8cf0a778d63052","SimpleFC|in100-out24|bs32|lr0.001|win15|feat1","LOCAL","btc_forecast/tunning_models_v3.py","user","FINISHED","32","BTCUSDT","","close","100","24","0.001","SimpleFC","50","1","15","1834.9215849481163","76.45506603950484","4100.989713030557","170.87457137627322","0.0021760394441091065","0.0021760394441091065","0.0024647318923027325","0.0024647318923027325","crypto-forecast","","",""
"2025-09-18 01:51:03","2.8min","64921fb06a544457aeda5ec626eb8482","ConvFC|in100-out24|bs64|lr0.001|win15|feat1","LOCAL","btc_forecast/tunning_models_v3.py","user","FINISHED","64","BTCUSDT","","close","100","24","0.001","ConvFC","50","1","15","1890.7733460427764","78.78222275178236","4141.251472578766","172.55214469078192","0.002117140181087959","0.002117140181087959","0.002466448894625975","0.002466448894625975","crypto-forecast","","",""
"2025-09-18 02:19:38","2.4min","fcd12395d3db4423ad01952d8e50e6d7","SimpleFC|in100-out24|bs64|lr0.0005|win15|feat1","LOCAL","btc_forecast/tunning_models_v3.py","user","FINISHED","64","BTCUSDT","","close","100","24","0.0005","SimpleFC","50","1","15","1916.1620855002254","79.84008689584273","4147.308177352802","172.8045073897001","0.002154592633028917","0.002154592633028917","0.0024678511200596437","0.0024678511200596437","crypto-forecast","","",""
"2025-09-18 00:59:48","3.6min","c7120af1ef1e4cc1a2a613fa641a9498","TransformerTimeSeries|in100-out24|bs32|lr0.001|win15|feat1","LOCAL","btc_forecast/tunning_models_v3.py","user","FINISHED","32","BTCUSDT","","close","100","24","0.001","TransformerTimeSeries","50","1","15","1880.6320984618762","78.35967076924484","4090.993546434966","170.45806443479026","0.002172654068732523","0.002172654068732523","0.002483323896459134","0.002483323896459134","crypto-forecast","","",""
"2025-09-18 01:53:52","2.5min","bd3f9de4e05d404ea2de6e7e1c8f1525","SimpleFC|in100-out24|bs64|lr0.001|win15|feat1","LOCAL","btc_forecast/tunning_models_v3.py","user","FINISHED","64","BTCUSDT","","close","100","24","0.001","SimpleFC","50","1","15","1834.5939646032277","76.44141519180116","4105.011552209082","171.04214800871173","0.0021413463869372276","0.0021413463869372276","0.0024853591802054768","0.0024853591802054768","crypto-forecast","","",""
"2025-09-18 16:00:41","3.0min","f794c514e6e84a18843f2409e48a5818","ConvFC|in200-out24|bs32|lr0.001|win15|feat2","LOCAL","btc_forecast/tunning_models_v3.py","user","FINISHED","32","BTCUSDT","","close,open","200","24","0.001","ConvFC","50","2","15","1864.2668551936868","77.67778563307029","4159.578967331518","173.3157903054799","0.001965336363185024","0.001965336363185024","0.002487322635255548","0.002487322635255548","crypto-forecast","","",""
"2025-09-18 16:09:16","4.1min","a2e20097ebf347bf99bdfe3a55586ff5","TransformerTimeSeries|in200-out24|bs32|lr0.001|win15|feat2","LOCAL","btc_forecast/tunning_models_v3.py","user","FINISHED","32","BTCUSDT","","close,open","200","24","0.001","TransformerTimeSeries","50","2","15","1829.4566049786315","76.22735854077631","4146.898887212863","172.7874536338693","0.0021480429790910215","0.0021480429790910215","0.002488200788672531","0.002488200788672531","crypto-forecast","","",""
"2025-09-18 06:33:53","4.6min","e4748df4c93d454584b35a4d464aa199","TransformerTimeSeries|in200-out24|bs32|lr0.0005|win15|feat1","LOCAL","btc_forecast/tunning_models_v3.py","user","FINISHED","32","BTCUSDT","","close","200","24","0.0005","TransformerTimeSeries","50","1","15","1853.706687717461","77.2377786548942","4119.7197675400785","171.65499031416994","0.0021390344750134857","0.0021390344750134857","0.0024917076948562517","0.0024917076948562517","crypto-forecast","","",""
"2025-09-18 01:59:31","2.8min","58bad4e5d18e4e5ebb77606c313ae7c6","TransformerTimeSeries|in100-out24|bs64|lr0.001|win15|feat1","LOCAL","btc_forecast/tunning_models_v3.py","user","FINISHED","64","BTCUSDT","","close","100","24","0.001","TransformerTimeSeries","50","1","15","1956.0018225132671","81.5000759380528","4213.640336507538","175.56834735448078","0.0022452801838229743","0.0022452801838229743","0.0024922249883982455","0.0024922249883982455","crypto-forecast","","",""
"2025-09-18 05:35:36","2.4min","ac5209696f544d50a7afa927664a3c83","TransformerTimeSeries|in200-out12|bs64|lr0.0005|win15|feat1","LOCAL","btc_forecast/tunning_models_v3.py","user","FINISHED","64","BTCUSDT","","close","200","12","0.0005","TransformerTimeSeries","50","1","15","1169.9212624606196","97.49343853838496","2142.6736166081714","178.55613471734762","0.002186735314935154","0.002186735314935154","0.0024990092316479647","0.0024990092316479647","crypto-forecast","","",""
"2025-09-18 11:02:21","3.1min","0bcd3fb22d8842e2b441abd68102f896","SimpleFC|in100-out24|bs32|lr0.001|win15|feat2","LOCAL","btc_forecast/tunning_models_v3.py","user","FINISHED","32","BTCUSDT","","close,open","100","24","0.001","SimpleFC","50","2","15","1829.9322859447827","76.24717858103261","4102.575004464879","170.94062518603664","0.0020998460942190256","0.0020998460942190256","0.0024998618419371983","0.0024998618419371983","crypto-forecast","","",""
"2025-09-18 06:01:59","5.0min","d7192d2bd08142ddae026616805c94fb","TransformerTimeSeries|in200-out24|bs32|lr0.001|win15|feat1","LOCAL","btc_forecast/tunning_models_v3.py","user","FINISHED","32","BTCUSDT","","close","200","24","0.001","TransformerTimeSeries","50","1","15","1791.8933420432788","74.66222258513662","4095.336348185286","170.63901450772025","0.0021583679912162194","0.0021583679912162194","0.0025039696138043554","0.0025039696138043554","crypto-forecast","","",""
"2025-09-18 17:35:14","3.7min","58b3b70cdcd040c897e18b0c86bf8ee1","SimpleFC|in200-out24|bs64|lr0.0005|win15|feat2","LOCAL","btc_forecast/tunning_models_v3.py","user","FINISHED","64","BTCUSDT","","close,open","200","24","0.0005","SimpleFC","50","2","15","1832.0942051429115","76.33725854762132","4131.669721071066","172.15290504462777","0.002067918199699941","0.002067918199699941","0.0025050282437078545","0.0025050282437078545","crypto-forecast","","",""
"2025-09-18 04:23:57","2.5min","d0d4aca95b1349f98ba32d7fbba524a7","TransformerTimeSeries|in200-out12|bs32|lr0.001|win15|feat1","LOCAL","btc_forecast/tunning_models_v3.py","user","FINISHED","32","BTCUSDT","","close","200","12","0.001","TransformerTimeSeries","50","1","15","1133.2393386007234","94.43661155006028","2134.080472260196","177.84003935501633","0.002222522904949411","0.002222522904949411","0.002508724063337178","0.002508724063337178","crypto-forecast","","",""
"2025-09-18 16:03:41","2.8min","f133c04235c548ad83e65278f278c322","SimpleFC|in200-out24|bs32|lr0.001|win15|feat2","LOCAL","btc_forecast/tunning_models_v3.py","user","FINISHED","32","BTCUSDT","","close,open","200","24","0.001","SimpleFC","50","2","15","1956.2236515984896","81.50931881660374","4202.501948948544","175.104247872856","0.0021956554187498242","0.0021956554187498242","0.002515721439944828","0.002515721439944828","crypto-forecast","","",""
"2025-09-18 07:36:23","5.9min","45b81be6849a42cf8993837667773d30","TransformerTimeSeries|in200-out24|bs64|lr0.0005|win15|feat1","LOCAL","btc_forecast/tunning_models_v3.py","user","FINISHED","64","BTCUSDT","","close","200","24","0.0005","TransformerTimeSeries","50","1","15","1756.6474550491525","73.19364396038135","4069.5219482009406","169.56341450837252","0.0021095746979046936","0.0021095746979046936","0.002517301879723746","0.002517301879723746","crypto-forecast","","",""
"2025-09-18 12:04:41","3.2min","88052b774e2c469ca8d41692bf58e511","SimpleFC|in100-out24|bs64|lr0.001|win15|feat2","LOCAL","btc_forecast/tunning_models_v3.py","user","FINISHED","64","BTCUSDT","","close,open","100","24","0.001","SimpleFC","50","2","15","1918.473453673239","79.93639390305162","4152.685718080134","173.02857158667226","0.0020764534897745853","0.0020764534897745853","0.002518432314610581","0.002518432314610581","crypto-forecast","","",""
"2025-09-18 11:34:53","3.0min","df869791d6d343ac8463afe169e52a51","SimpleFC|in100-out24|bs32|lr0.0005|win15|feat2","LOCAL","btc_forecast/tunning_models_v3.py","user","FINISHED","32","BTCUSDT","","close,open","100","24","0.0005","SimpleFC","50","2","15","1977.2291336120816","82.38454723383673","4183.130826340372","174.29711776418216","0.002085264667826427","0.002085264667826427","0.0025193841770377937","0.0025193841770377937","crypto-forecast","","",""
"2025-09-18 01:31:21","5.7min","a5ad61212f754dc694e0b1580985f73f","TransformerTimeSeries|in100-out24|bs32|lr0.0005|win15|feat1","LOCAL","btc_forecast/tunning_models_v3.py","user","FINISHED","32","BTCUSDT","","close","100","24","0.0005","TransformerTimeSeries","50","1","15","1801.0858574067531","75.04524405861471","4051.7824965245454","168.82427068852272","0.0020390437180355355","0.0020390437180355355","0.002520426299687585","0.002520426299687585","crypto-forecast","","",""
"2025-09-18 06:25:58","2.9min","ea559f456b3246c48f5fe2f2c026ade7","SimpleFC|in200-out24|bs32|lr0.0005|win15|feat1","LOCAL","btc_forecast/tunning_models_v3.py","user","FINISHED","32","BTCUSDT","","close","200","24","0.0005","SimpleFC","50","1","15","1827.607158155618","76.15029825648408","4113.310044741676","171.3879185309032","0.00214885505310393","0.00214885505310393","0.0025347524806022233","0.0025347524806022233","crypto-forecast","","",""
"2025-09-18 05:51:27","2.8min","32fe91d3f61745e9b689b14bfd3bcfff","ConvFC|in200-out24|bs32|lr0.001|win15|feat1","LOCAL","btc_forecast/tunning_models_v3.py","user","FINISHED","32","BTCUSDT","","close","200","24","0.001","ConvFC","50","1","15","1888.0966126214696","78.67069219256123","4145.16821162766","172.7153421511525","0.002033673852605731","0.002033673852605731","0.0025387488354004267","0.0025387488354004267","crypto-forecast","","",""
"2025-09-18 17:12:02","3.7min","8e2a20ea02234a8d87566c7b362deca3","TransformerTimeSeries|in200-out24|bs64|lr0.001|win15|feat2","LOCAL","btc_forecast/tunning_models_v3.py","user","FINISHED","64","BTCUSDT","","close,open","200","24","0.001","TransformerTimeSeries","50","2","15","2014.5188934601424","83.93828722750594","4186.676588565678","174.44485785690324","0.002161352359081274","0.002161352359081274","0.00254812597232708","0.00254812597232708","crypto-forecast","","",""
"2025-09-18 17:02:12","2.9min","a47e8037d0104a68b6a98d00a6de5d65","ConvFC|in200-out24|bs64|lr0.001|win15|feat2","LOCAL","btc_forecast/tunning_models_v3.py","user","FINISHED","64","BTCUSDT","","close,open","200","24","0.001","ConvFC","50","2","15","1964.1355077478718","81.83897948949466","4250.682333149814","177.11176388124227","0.002037049368926371","0.002037049368926371","0.002555213671813954","0.002555213671813954","crypto-forecast","","",""
"2025-09-18 05:54:16","3.4min","51ab7ae4606c49118cc1943e1f280ae4","SimpleFC|in200-out24|bs32|lr0.001|win15|feat1","LOCAL","btc_forecast/tunning_models_v3.py","user","FINISHED","32","BTCUSDT","","close","200","24","0.001","SimpleFC","50","1","15","1978.2617104225085","82.42757126760452","4181.55051912643","174.2312716302679","0.0021767815235085295","0.0021767815235085295","0.0025585503818766372","0.0025585503818766372","crypto-forecast","","",""
"2025-09-18 06:22:36","3.3min","d43362ca5a324065b29c61012fb761a6","ConvFC|in200-out24|bs32|lr0.0005|win15|feat1","LOCAL","btc_forecast/tunning_models_v3.py","user","FINISHED","32","BTCUSDT","","close","200","24","0.0005","ConvFC","50","1","15","1972.6211379045228","82.19254741268846","4189.261668335674","174.5525695139864","0.002055582914006143","0.002055582914006143","0.0025635637555578997","0.0025635637555578997","crypto-forecast","","",""
"2025-09-18 17:31:58","3.3min","7f12532aedce4e3b90f5075552782393","ConvFC|in200-out24|bs64|lr0.0005|win15|feat2","LOCAL","btc_forecast/tunning_models_v3.py","user","FINISHED","64","BTCUSDT","","close,open","200","24","0.0005","ConvFC","50","2","15","1903.0935046821546","79.29556269508977","4142.287075579267","172.59529481580282","0.0021173865353417017","0.0021173865353417017","0.002566601058470483","0.002566601058470483","crypto-forecast","","",""
"2025-09-18 17:42:28","4.7min","49f7cf3157564c5e88879462a1cac15c","TransformerTimeSeries|in200-out24|bs64|lr0.0005|win15|feat2","LOCAL","btc_forecast/tunning_models_v3.py","user","FINISHED","64","BTCUSDT","","close,open","200","24","0.0005","TransformerTimeSeries","50","2","15","1868.8482252382348","77.86867605159311","4154.584061328009","173.10766922200037","0.0021585390636117098","0.0021585390636117098","0.002577009877922958","0.002577009877922958","crypto-forecast","","",""
"2025-09-18 06:53:13","3.1min","571836eeee724017a25ffc6260d9d88c","ConvFC|in200-out24|bs64|lr0.001|win15|feat1","LOCAL","btc_forecast/tunning_models_v3.py","user","FINISHED","64","BTCUSDT","","close","200","24","0.001","ConvFC","50","1","15","1850.69260395864","77.11219183160999","4122.191008495661","171.7579586873192","0.0020444991673628557","0.0020444991673628557","0.00258158245701761","0.00258158245701761","crypto-forecast","","",""
"2025-09-18 07:25:43","2.9min","c67c1b03e210437b8b062e928d2c3afc","ConvFC|in200-out24|bs64|lr0.0005|win15|feat1","LOCAL","btc_forecast/tunning_models_v3.py","user","FINISHED","64","BTCUSDT","","close","200","24","0.0005","ConvFC","50","1","15","1870.1047070852194","77.92102946188415","4093.7931942812297","170.57471642838456","0.002195674563986102","0.002195674563986102","0.002586055780324104","0.002586055780324104","crypto-forecast","","",""
"2025-09-18 01:23:30","3.0min","0456fb5257ed4983bfa577323cfcb0e9","SimpleFC|in100-out24|bs32|lr0.0005|win15|feat1","LOCAL","btc_forecast/tunning_models_v3.py","user","FINISHED","32","BTCUSDT","","close","100","24","0.0005","SimpleFC","50","1","15","1953.8517238028858","81.41048849178691","4195.428351702579","174.80951465427412","0.00210991130453677","0.00210991130453677","0.0025861212726749068","0.0025861212726749068","crypto-forecast","","",""
"2025-09-18 07:28:41","3.0min","f712a333386e4e58a0f00a687d299c3b","SimpleFC|in200-out24|bs64|lr0.0005|win15|feat1","LOCAL","btc_forecast/tunning_models_v3.py","user","FINISHED","64","BTCUSDT","","close","200","24","0.0005","SimpleFC","50","1","15","1840.2585168628984","76.67743820262076","4106.148677472256","171.08952822801066","0.0021531266042452814","0.0021531266042452814","0.0026238244013124467","0.0026238244013124467","crypto-forecast","","",""
"2025-09-18 06:56:20","2.8min","4cb7b13a76274003a921f1fe78a38c52","SimpleFC|in200-out24|bs64|lr0.001|win15|feat1","LOCAL","btc_forecast/tunning_models_v3.py","user","FINISHED","64","BTCUSDT","","close","200","24","0.001","SimpleFC","50","1","15","1877.4007626392631","78.22503177663596","4166.846253382086","173.61859389092024","0.0021750419200468486","0.0021750419200468486","0.0026282291709348216","0.0026282291709348216","crypto-forecast","","",""
"2025-09-18 17:05:07","2.9min","9bdc266fb45c44c08dab116864dda028","SimpleFC|in200-out24|bs64|lr0.001|win15|feat2","LOCAL","btc_forecast/tunning_models_v3.py","user","FINISHED","64","BTCUSDT","","close,open","200","24","0.001","SimpleFC","50","2","15","1969.638151032473","82.0682562930197","4257.839600516224","177.40998335484267","0.0021807007260038996","0.0021807007260038996","0.002649634391735127","0.002649634391735127","crypto-forecast","","",""
"2025-09-18 16:30:14","2.8min","9c378c9ce7cf4fb9ac57ef83a0c857bf","ConvFC|in200-out24|bs32|lr0.0005|win15|feat2","LOCAL","btc_forecast/tunning_models_v3.py","user","FINISHED","32","BTCUSDT","","close,open","200","24","0.0005","ConvFC","50","2","15","2069.370671572746","86.22377798219775","4246.621531209647","176.94256380040198","0.0020791154063452147","0.0020791154063452147","0.002678357794975189","0.002678357794975189","crypto-forecast","","",""
"2025-09-18 07:04:13","5.2min","7f30e00262ef43dd9fc87543fbc0417b","TransformerTimeSeries|in200-out24|bs64|lr0.001|win15|feat1","LOCAL","btc_forecast/tunning_models_v3.py","user","FINISHED","64","BTCUSDT","","close","200","24","0.001","TransformerTimeSeries","50","1","15","2030.162128316778","84.59008867986576","4238.375100512138","176.59896252133908","0.0021497094050943956","0.0021497094050943956","0.0028177946841274164","0.0028177946841274164","crypto-forecast","","",""
"2025-09-19 00:12:48","","2f4415de9d724ed68e3001d2b4f88fc9","ConvFC|in200-out6|bs64|lr0.0005|win30|feat2","LOCAL","btc_forecast/tunning_models_v3.py","user","RUNNING","64","BTCUSDT","","close,high","200","6","0.0005","ConvFC","50","2","30","","","","","0.001538303383954953","","0.0016592785120417264","","crypto-forecast","","",""
"2025-09-18 23:43:10","22.0s","59e4fb3e72d04cdd8659472c47cfa07f","ConvFC|in200-out12|bs32|lr0.001|win30|feat1","LOCAL","btc_forecast/tunning_models_exp_arch_v1.py","user","FAILED","32","","True","","200","12","0.001","ConvFC","50","1","30","","","","","0.0023183167191756188","","0.002480371489542635","","crypto-forecast","ConvFC","BTCUSDT","success"
